_id,studentId,courseId,score,examDate,usualScore,finalScore
S20230101C001,S20230101,C001,60,2024-06-19T16:00:00.000Z,85,60
S20230101C003,S20230101,C003,81,2024-06-19T16:00:00.000Z,88,81
S20230101C004,S20230101,C004,90,2024-06-19T16:00:00.000Z,84,90
S20230101C005,S20230101,C005,81,2024-06-19T16:00:00.000Z,74,81
S20230101C007,S20230101,C007,68,2024-06-19T16:00:00.000Z,78,68
S20230101C008,S20230101,C008,80,2024-06-19T16:00:00.000Z,99,80
S20230101C002,S20230101,C002,80,2024-06-19T16:00:00.000Z,78,80
S20230101C006,S20230101,C006,89,2024-06-19T16:00:00.000Z,88,89
S20230102C001,S20230102,C001,43,2024-06-19T16:00:00.000Z,74,43
S20230102C003,S20230102,C003,84,2024-06-19T16:00:00.000Z,90,84
S20230102C004,S20230102,C004,100,2024-06-19T16:00:00.000Z,97,100
S20230102C005,S20230102,C005,86,2024-06-19T16:00:00.000Z,75,86
S20230102C007,S20230102,C007,65,2024-06-19T16:00:00.000Z,79,65
S20230102C008,S20230102,C008,61,2024-06-19T16:00:00.000Z,79,61
S20230102C002,S20230102,C002,72,2024-06-19T16:00:00.000Z,92,72
S20230102C006,S20230102,C006,84,2024-06-19T16:00:00.000Z,98,84
S20230103C001,S20230103,C001,78,2024-06-19T16:00:00.000Z,99,78
S20230103C003,S20230103,C003,69,2024-06-19T16:00:00.000Z,81,69
S20230103C004,S20230103,C004,53,2024-06-19T16:00:00.000Z,80,53
S20230103C005,S20230103,C005,37,2024-06-19T16:00:00.000Z,95,37
S20230103C007,S20230103,C007,71,2024-06-19T16:00:00.000Z,100,71
S20230103C008,S20230103,C008,83,2024-06-19T16:00:00.000Z,79,83
S20230103C002,S20230103,C002,62,2024-06-19T16:00:00.000Z,91,62
S20230103C006,S20230103,C006,97,2024-06-19T16:00:00.000Z,83,97
S20230104C001,S20230104,C001,64,2024-06-19T16:00:00.000Z,84,64
S20230104C003,S20230104,C003,87,2024-06-19T16:00:00.000Z,86,87
S20230104C004,S20230104,C004,96,2024-06-19T16:00:00.000Z,84,96
S20230104C005,S20230104,C005,94,2024-06-19T16:00:00.000Z,97,94
S20230104C007,S20230104,C007,73,2024-06-19T16:00:00.000Z,87,73
S20230104C008,S20230104,C008,68,2024-06-19T16:00:00.000Z,76,68
S20230104C002,S20230104,C002,59,2024-06-19T16:00:00.000Z,73,59
S20230105C001,S20230105,C001,62,2024-06-19T16:00:00.000Z,80,62
S20230105C003,S20230105,C003,80,2024-06-19T16:00:00.000Z,99,80
S20230105C004,S20230105,C004,87,2024-06-19T16:00:00.000Z,86,87
S20230105C005,S20230105,C005,61,2024-06-19T16:00:00.000Z,80,61
S20230105C007,S20230105,C007,68,2024-06-19T16:00:00.000Z,90,68
S20230105C008,S20230105,C008,85,2024-06-19T16:00:00.000Z,96,85
S20230105C002,S20230105,C002,38,2024-06-19T16:00:00.000Z,71,38
S20230105C006,S20230105,C006,82,2024-06-19T16:00:00.000Z,93,82
S20230106C001,S20230106,C001,67,2024-06-19T16:00:00.000Z,93,67
S20230106C003,S20230106,C003,63,2024-06-19T16:00:00.000Z,82,63
S20230106C004,S20230106,C004,69,2024-06-19T16:00:00.000Z,77,69
S20230106C005,S20230106,C005,45,2024-06-19T16:00:00.000Z,78,45
S20230106C007,S20230106,C007,66,2024-06-19T16:00:00.000Z,80,66
S20230106C008,S20230106,C008,96,2024-06-19T16:00:00.000Z,89,96
S20230106C002,S20230106,C002,68,2024-06-19T16:00:00.000Z,94,68
S20230106C006,S20230106,C006,84,2024-06-19T16:00:00.000Z,82,84
S20230107C001,S20230107,C001,72,2024-06-19T16:00:00.000Z,92,72
S20230107C003,S20230107,C003,38,2024-06-19T16:00:00.000Z,75,38
S20230107C004,S20230107,C004,79,2024-06-19T16:00:00.000Z,78,79
S20230107C005,S20230107,C005,98,2024-06-19T16:00:00.000Z,73,98
S20230107C007,S20230107,C007,64,2024-06-19T16:00:00.000Z,86,64
S20230107C008,S20230107,C008,64,2024-06-19T16:00:00.000Z,78,64
S20230107C002,S20230107,C002,87,2024-06-19T16:00:00.000Z,82,87
S20230108C001,S20230108,C001,50,2024-06-19T16:00:00.000Z,83,50
S20230108C003,S20230108,C003,67,2024-06-19T16:00:00.000Z,73,67
S20230108C004,S20230108,C004,70,2024-06-19T16:00:00.000Z,76,70
S20230108C005,S20230108,C005,90,2024-06-19T16:00:00.000Z,99,90
S20230108C007,S20230108,C007,79,2024-06-19T16:00:00.000Z,88,79
S20230108C008,S20230108,C008,66,2024-06-19T16:00:00.000Z,73,66
S20230108C002,S20230108,C002,80,2024-06-19T16:00:00.000Z,80,80
S20230108C006,S20230108,C006,98,2024-06-19T16:00:00.000Z,76,98
S20230109C001,S20230109,C001,94,2024-06-19T16:00:00.000Z,82,94
S20230109C003,S20230109,C003,95,2024-06-19T16:00:00.000Z,96,95
S20230109C004,S20230109,C004,70,2024-06-19T16:00:00.000Z,73,70
S20230109C005,S20230109,C005,73,2024-06-19T16:00:00.000Z,97,73
S20230109C007,S20230109,C007,93,2024-06-19T16:00:00.000Z,92,93
S20230109C008,S20230109,C008,74,2024-06-19T16:00:00.000Z,85,74
S20230109C002,S20230109,C002,93,2024-06-19T16:00:00.000Z,85,93
S20230109C006,S20230109,C006,70,2024-06-19T16:00:00.000Z,82,70
S20230110C001,S20230110,C001,61,2024-06-19T16:00:00.000Z,82,61
S20230110C003,S20230110,C003,77,2024-06-19T16:00:00.000Z,71,77
S20230110C004,S20230110,C004,64,2024-06-19T16:00:00.000Z,82,64
S20230110C005,S20230110,C005,92,2024-06-19T16:00:00.000Z,76,92
S20230110C007,S20230110,C007,34,2024-06-19T16:00:00.000Z,92,34
S20230110C008,S20230110,C008,66,2024-06-19T16:00:00.000Z,83,66
S20230110C002,S20230110,C002,93,2024-06-19T16:00:00.000Z,79,93
S20230110C006,S20230110,C006,46,2024-06-19T16:00:00.000Z,83,46
S20230111C001,S20230111,C001,66,2024-06-19T16:00:00.000Z,82,66
S20230111C003,S20230111,C003,81,2024-06-19T16:00:00.000Z,98,81
S20230111C004,S20230111,C004,78,2024-06-19T16:00:00.000Z,82,78
S20230111C005,S20230111,C005,94,2024-06-19T16:00:00.000Z,70,94
S20230111C007,S20230111,C007,62,2024-06-19T16:00:00.000Z,76,62
S20230111C008,S20230111,C008,81,2024-06-19T16:00:00.000Z,97,81
S20230111C002,S20230111,C002,79,2024-06-19T16:00:00.000Z,71,79
S20230112C001,S20230112,C001,72,2024-06-19T16:00:00.000Z,73,72
S20230112C003,S20230112,C003,93,2024-06-19T16:00:00.000Z,72,93
S20230112C004,S20230112,C004,70,2024-06-19T16:00:00.000Z,86,70
S20230112C005,S20230112,C005,96,2024-06-19T16:00:00.000Z,77,96
S20230112C007,S20230112,C007,93,2024-06-19T16:00:00.000Z,70,93
S20230112C008,S20230112,C008,76,2024-06-19T16:00:00.000Z,88,76
S20230112C002,S20230112,C002,72,2024-06-19T16:00:00.000Z,87,72
S20230112C006,S20230112,C006,54,2024-06-19T16:00:00.000Z,94,54
S20230113C001,S20230113,C001,77,2024-06-19T16:00:00.000Z,98,77
S20230113C003,S20230113,C003,84,2024-06-19T16:00:00.000Z,80,84
S20230113C004,S20230113,C004,89,2024-06-19T16:00:00.000Z,87,89
S20230113C005,S20230113,C005,47,2024-06-19T16:00:00.000Z,75,47
S20230113C007,S20230113,C007,80,2024-06-19T16:00:00.000Z,92,80
S20230113C008,S20230113,C008,65,2024-06-19T16:00:00.000Z,88,65
S20230113C002,S20230113,C002,85,2024-06-19T16:00:00.000Z,70,85
S20230114C001,S20230114,C001,93,2024-06-19T16:00:00.000Z,94,93
S20230114C003,S20230114,C003,80,2024-06-19T16:00:00.000Z,71,80
S20230114C004,S20230114,C004,78,2024-06-19T16:00:00.000Z,86,78
S20230114C005,S20230114,C005,81,2024-06-19T16:00:00.000Z,82,81
S20230114C007,S20230114,C007,96,2024-06-19T16:00:00.000Z,95,96
S20230114C008,S20230114,C008,66,2024-06-19T16:00:00.000Z,100,66
S20230114C002,S20230114,C002,77,2024-06-19T16:00:00.000Z,100,77
S20230115C001,S20230115,C001,83,2024-06-19T16:00:00.000Z,71,83
S20230115C003,S20230115,C003,82,2024-06-19T16:00:00.000Z,87,82
S20230115C004,S20230115,C004,95,2024-06-19T16:00:00.000Z,83,95
S20230115C005,S20230115,C005,66,2024-06-19T16:00:00.000Z,79,66
S20230115C007,S20230115,C007,82,2024-06-19T16:00:00.000Z,83,82
S20230115C008,S20230115,C008,99,2024-06-19T16:00:00.000Z,77,99
S20230115C002,S20230115,C002,51,2024-06-19T16:00:00.000Z,87,51
S20230115C006,S20230115,C006,74,2024-06-19T16:00:00.000Z,83,74
S20230116C001,S20230116,C001,89,2024-06-19T16:00:00.000Z,75,89
S20230116C003,S20230116,C003,93,2024-06-19T16:00:00.000Z,96,93
S20230116C004,S20230116,C004,69,2024-06-19T16:00:00.000Z,94,69
S20230116C005,S20230116,C005,87,2024-06-19T16:00:00.000Z,73,87
S20230116C007,S20230116,C007,91,2024-06-19T16:00:00.000Z,71,91
S20230116C008,S20230116,C008,64,2024-06-19T16:00:00.000Z,81,64
S20230116C002,S20230116,C002,89,2024-06-19T16:00:00.000Z,95,89
S20230117C001,S20230117,C001,93,2024-06-19T16:00:00.000Z,75,93
S20230117C001_M,S20230117,C001,60,2024-09-14T16:00:00.000Z,89,55
S20230117C003,S20230117,C003,98,2024-06-19T16:00:00.000Z,92,98
S20230117C003_M,S20230117,C003,60,2024-09-14T16:00:00.000Z,77,80
S20230117C004,S20230117,C004,81,2024-06-19T16:00:00.000Z,84,81
S20230117C005,S20230117,C005,61,2024-06-19T16:00:00.000Z,83,61
S20230117C007,S20230117,C007,56,2024-06-19T16:00:00.000Z,89,56
S20230117C007_M,S20230117,C007,60,2024-09-14T16:00:00.000Z,88,54
S20230117C008,S20230117,C008,95,2024-06-19T16:00:00.000Z,99,95
S20230117C002,S20230117,C002,84,2024-06-19T16:00:00.000Z,93,84
S20230118C001,S20230118,C001,72,2024-06-19T16:00:00.000Z,95,72
S20230118C003,S20230118,C003,86,2024-06-19T16:00:00.000Z,79,86
S20230118C004,S20230118,C004,95,2024-06-19T16:00:00.000Z,74,95
S20230118C005,S20230118,C005,96,2024-06-19T16:00:00.000Z,82,96
S20230118C007,S20230118,C007,52,2024-06-19T16:00:00.000Z,72,52
S20230118C008,S20230118,C008,66,2024-06-19T16:00:00.000Z,81,66
S20230118C002,S20230118,C002,88,2024-06-19T16:00:00.000Z,100,88
S20230118C006,S20230118,C006,82,2024-06-19T16:00:00.000Z,82,82
S20230119C001,S20230119,C001,67,2024-06-19T16:00:00.000Z,80,67
S20230119C003,S20230119,C003,31,2024-06-19T16:00:00.000Z,75,31
S20230119C004,S20230119,C004,59,2024-06-19T16:00:00.000Z,79,59
S20230119C005,S20230119,C005,53,2024-06-19T16:00:00.000Z,73,53
S20230119C007,S20230119,C007,92,2024-06-19T16:00:00.000Z,87,92
S20230119C008,S20230119,C008,93,2024-06-19T16:00:00.000Z,95,93
S20230119C002,S20230119,C002,97,2024-06-19T16:00:00.000Z,91,97
S20230119C006,S20230119,C006,56,2024-06-19T16:00:00.000Z,91,56
S20230120C001,S20230120,C001,67,2024-06-19T16:00:00.000Z,71,67
S20230120C003,S20230120,C003,72,2024-06-19T16:00:00.000Z,86,72
S20230120C004,S20230120,C004,61,2024-06-19T16:00:00.000Z,100,61
S20230120C005,S20230120,C005,83,2024-06-19T16:00:00.000Z,88,83
S20230120C007,S20230120,C007,68,2024-06-19T16:00:00.000Z,81,68
S20230120C008,S20230120,C008,79,2024-06-19T16:00:00.000Z,70,79
S20230120C002,S20230120,C002,59,2024-06-19T16:00:00.000Z,90,59
S20230120C006,S20230120,C006,68,2024-06-19T16:00:00.000Z,99,68
S20230121C001,S20230121,C001,48,2024-06-19T16:00:00.000Z,96,48
S20230121C003,S20230121,C003,46,2024-06-19T16:00:00.000Z,74,46
S20230121C004,S20230121,C004,76,2024-06-19T16:00:00.000Z,79,76
S20230121C005,S20230121,C005,73,2024-06-19T16:00:00.000Z,77,73
S20230121C007,S20230121,C007,52,2024-06-19T16:00:00.000Z,85,52
S20230121C008,S20230121,C008,35,2024-06-19T16:00:00.000Z,79,35
S20230121C002,S20230121,C002,96,2024-06-19T16:00:00.000Z,81,96
S20230121C006,S20230121,C006,72,2024-06-19T16:00:00.000Z,76,72
S20230122C001,S20230122,C001,75,2024-06-19T16:00:00.000Z,83,75
S20230122C003,S20230122,C003,85,2024-06-19T16:00:00.000Z,86,85
S20230122C004,S20230122,C004,88,2024-06-19T16:00:00.000Z,94,88
S20230122C005,S20230122,C005,89,2024-06-19T16:00:00.000Z,78,89
S20230122C007,S20230122,C007,53,2024-06-19T16:00:00.000Z,89,53
S20230122C008,S20230122,C008,74,2024-06-19T16:00:00.000Z,76,74
S20230122C002,S20230122,C002,77,2024-06-19T16:00:00.000Z,99,77
S20230123C001,S20230123,C001,72,2024-06-19T16:00:00.000Z,82,72
S20230123C003,S20230123,C003,92,2024-06-19T16:00:00.000Z,83,92
S20230123C004,S20230123,C004,90,2024-06-19T16:00:00.000Z,76,90
S20230123C005,S20230123,C005,69,2024-06-19T16:00:00.000Z,95,69
S20230123C007,S20230123,C007,62,2024-06-19T16:00:00.000Z,79,62
S20230123C008,S20230123,C008,63,2024-06-19T16:00:00.000Z,91,63
S20230123C002,S20230123,C002,70,2024-06-19T16:00:00.000Z,78,70
S20230124C001,S20230124,C001,43,2024-06-19T16:00:00.000Z,70,43
S20230124C003,S20230124,C003,70,2024-06-19T16:00:00.000Z,71,70
S20230124C004,S20230124,C004,93,2024-06-19T16:00:00.000Z,96,93
S20230124C005,S20230124,C005,85,2024-06-19T16:00:00.000Z,81,85
S20230124C007,S20230124,C007,95,2024-06-19T16:00:00.000Z,96,95
S20230124C008,S20230124,C008,100,2024-06-19T16:00:00.000Z,85,100
S20230124C002,S20230124,C002,100,2024-06-19T16:00:00.000Z,87,100
S20230124C006,S20230124,C006,93,2024-06-19T16:00:00.000Z,72,93
S20230125C001,S20230125,C001,69,2024-06-19T16:00:00.000Z,87,69
S20230125C003,S20230125,C003,97,2024-06-19T16:00:00.000Z,83,97
S20230125C004,S20230125,C004,83,2024-06-19T16:00:00.000Z,71,83
S20230125C005,S20230125,C005,61,2024-06-19T16:00:00.000Z,73,61
S20230125C007,S20230125,C007,99,2024-06-19T16:00:00.000Z,78,99
S20230125C008,S20230125,C008,84,2024-06-19T16:00:00.000Z,74,84
S20230125C002,S20230125,C002,68,2024-06-19T16:00:00.000Z,73,68
S20230126C001,S20230126,C001,55,2024-06-19T16:00:00.000Z,96,55
S20230126C003,S20230126,C003,84,2024-06-19T16:00:00.000Z,90,84
S20230126C004,S20230126,C004,87,2024-06-19T16:00:00.000Z,71,87
S20230126C005,S20230126,C005,54,2024-06-19T16:00:00.000Z,76,54
S20230126C007,S20230126,C007,90,2024-06-19T16:00:00.000Z,96,90
S20230126C008,S20230126,C008,82,2024-06-19T16:00:00.000Z,72,82
S20230126C002,S20230126,C002,77,2024-06-19T16:00:00.000Z,93,77
S20230126C006,S20230126,C006,44,2024-06-19T16:00:00.000Z,85,44
S20230127C001,S20230127,C001,98,2024-06-19T16:00:00.000Z,86,98
S20230127C003,S20230127,C003,97,2024-06-19T16:00:00.000Z,92,97
S20230127C004,S20230127,C004,73,2024-06-19T16:00:00.000Z,83,73
S20230127C005,S20230127,C005,88,2024-06-19T16:00:00.000Z,95,88
S20230127C007,S20230127,C007,92,2024-06-19T16:00:00.000Z,80,92
S20230127C008,S20230127,C008,56,2024-06-19T16:00:00.000Z,70,56
S20230127C002,S20230127,C002,62,2024-06-19T16:00:00.000Z,80,62
S20230127C006,S20230127,C006,64,2024-06-19T16:00:00.000Z,98,64
S20230128C001,S20230128,C001,90,2024-06-19T16:00:00.000Z,91,90
S20230128C003,S20230128,C003,61,2024-06-19T16:00:00.000Z,99,61
S20230128C004,S20230128,C004,76,2024-06-19T16:00:00.000Z,72,76
S20230128C005,S20230128,C005,73,2024-06-19T16:00:00.000Z,76,73
S20230128C007,S20230128,C007,81,2024-06-19T16:00:00.000Z,98,81
S20230128C008,S20230128,C008,89,2024-06-19T16:00:00.000Z,75,89
S20230128C002,S20230128,C002,81,2024-06-19T16:00:00.000Z,94,81
S20230128C006,S20230128,C006,88,2024-06-19T16:00:00.000Z,78,88
S20230129C001,S20230129,C001,83,2024-06-19T16:00:00.000Z,96,83
S20230129C003,S20230129,C003,86,2024-06-19T16:00:00.000Z,78,86
S20230129C004,S20230129,C004,34,2024-06-19T16:00:00.000Z,87,34
S20230129C005,S20230129,C005,69,2024-06-19T16:00:00.000Z,91,69
S20230129C007,S20230129,C007,86,2024-06-19T16:00:00.000Z,91,86
S20230129C008,S20230129,C008,59,2024-06-19T16:00:00.000Z,80,59
S20230129C002,S20230129,C002,65,2024-06-19T16:00:00.000Z,98,65
S20230130C001,S20230130,C001,70,2024-06-19T16:00:00.000Z,74,70
S20230130C003,S20230130,C003,85,2024-06-19T16:00:00.000Z,77,85
S20230130C004,S20230130,C004,79,2024-06-19T16:00:00.000Z,100,79
S20230130C005,S20230130,C005,73,2024-06-19T16:00:00.000Z,85,73
S20230130C007,S20230130,C007,32,2024-06-19T16:00:00.000Z,80,32
S20230130C008,S20230130,C008,91,2024-06-19T16:00:00.000Z,72,91
S20230130C002,S20230130,C002,82,2024-06-19T16:00:00.000Z,85,82
S20230131C001,S20230131,C001,65,2024-06-19T16:00:00.000Z,79,65
S20230131C003,S20230131,C003,64,2024-06-19T16:00:00.000Z,94,64
S20230131C004,S20230131,C004,89,2024-06-19T16:00:00.000Z,86,89
S20230131C005,S20230131,C005,63,2024-06-19T16:00:00.000Z,98,63
S20230131C007,S20230131,C007,32,2024-06-19T16:00:00.000Z,73,32
S20230131C008,S20230131,C008,74,2024-06-19T16:00:00.000Z,86,74
S20230131C002,S20230131,C002,62,2024-06-19T16:00:00.000Z,83,62
S20230131C006,S20230131,C006,78,2024-06-19T16:00:00.000Z,85,78
S20230132C001,S20230132,C001,98,2024-06-19T16:00:00.000Z,80,98
S20230132C003,S20230132,C003,69,2024-06-19T16:00:00.000Z,85,69
S20230132C004,S20230132,C004,64,2024-06-19T16:00:00.000Z,79,64
S20230132C005,S20230132,C005,89,2024-06-19T16:00:00.000Z,76,89
S20230132C007,S20230132,C007,66,2024-06-19T16:00:00.000Z,96,66
S20230132C008,S20230132,C008,63,2024-06-19T16:00:00.000Z,83,63
S20230132C002,S20230132,C002,94,2024-06-19T16:00:00.000Z,92,94
S20230133C001,S20230133,C001,88,2024-06-19T16:00:00.000Z,85,88
S20230133C003,S20230133,C003,75,2024-06-19T16:00:00.000Z,71,75
S20230133C004,S20230133,C004,72,2024-06-19T16:00:00.000Z,75,72
S20230133C005,S20230133,C005,94,2024-06-19T16:00:00.000Z,72,94
S20230133C007,S20230133,C007,100,2024-06-19T16:00:00.000Z,92,100
S20230133C008,S20230133,C008,95,2024-06-19T16:00:00.000Z,83,95
S20230133C002,S20230133,C002,67,2024-06-19T16:00:00.000Z,79,67
S20230134C001,S20230134,C001,95,2024-06-19T16:00:00.000Z,71,95
S20230134C003,S20230134,C003,84,2024-06-19T16:00:00.000Z,95,84
S20230134C004,S20230134,C004,97,2024-06-19T16:00:00.000Z,97,97
S20230134C005,S20230134,C005,90,2024-06-19T16:00:00.000Z,85,90
S20230134C007,S20230134,C007,91,2024-06-19T16:00:00.000Z,79,91
S20230134C008,S20230134,C008,87,2024-06-19T16:00:00.000Z,89,87
S20230134C002,S20230134,C002,85,2024-06-19T16:00:00.000Z,98,85
S20230135C001,S20230135,C001,79,2024-06-19T16:00:00.000Z,100,79
S20230135C003,S20230135,C003,60,2024-06-19T16:00:00.000Z,82,60
S20230135C004,S20230135,C004,85,2024-06-19T16:00:00.000Z,73,85
S20230135C005,S20230135,C005,85,2024-06-19T16:00:00.000Z,89,85
S20230135C007,S20230135,C007,87,2024-06-19T16:00:00.000Z,89,87
S20230135C008,S20230135,C008,96,2024-06-19T16:00:00.000Z,99,96
S20230135C002,S20230135,C002,69,2024-06-19T16:00:00.000Z,97,69
S20230135C006,S20230135,C006,81,2024-06-19T16:00:00.000Z,81,81
S20230201C001,S20230201,C001,68,2024-06-19T16:00:00.000Z,88,68
S20230201C003,S20230201,C003,60,2024-06-19T16:00:00.000Z,88,60
S20230201C004,S20230201,C004,79,2024-06-19T16:00:00.000Z,73,79
S20230201C005,S20230201,C005,95,2024-06-19T16:00:00.000Z,81,95
S20230201C007,S20230201,C007,80,2024-06-19T16:00:00.000Z,94,80
S20230201C008,S20230201,C008,98,2024-06-19T16:00:00.000Z,76,98
S20230201C002,S20230201,C002,90,2024-06-19T16:00:00.000Z,94,90
S20230202C001,S20230202,C001,87,2024-06-19T16:00:00.000Z,88,87
S20230202C003,S20230202,C003,73,2024-06-19T16:00:00.000Z,78,73
S20230202C004,S20230202,C004,63,2024-06-19T16:00:00.000Z,96,63
S20230202C005,S20230202,C005,84,2024-06-19T16:00:00.000Z,76,84
S20230202C007,S20230202,C007,60,2024-06-19T16:00:00.000Z,83,60
S20230202C008,S20230202,C008,67,2024-06-19T16:00:00.000Z,93,67
S20230202C002,S20230202,C002,82,2024-06-19T16:00:00.000Z,70,82
S20230202C006,S20230202,C006,75,2024-06-19T16:00:00.000Z,86,75
S20230203C001,S20230203,C001,95,2024-06-19T16:00:00.000Z,95,95
S20230203C003,S20230203,C003,34,2024-06-19T16:00:00.000Z,85,34
S20230203C004,S20230203,C004,87,2024-06-19T16:00:00.000Z,97,87
S20230203C005,S20230203,C005,75,2024-06-19T16:00:00.000Z,72,75
S20230203C007,S20230203,C007,89,2024-06-19T16:00:00.000Z,98,89
S20230203C008,S20230203,C008,82,2024-06-19T16:00:00.000Z,89,82
S20230203C002,S20230203,C002,79,2024-06-19T16:00:00.000Z,94,79
S20230203C006,S20230203,C006,65,2024-06-19T16:00:00.000Z,95,65
S20230204C001,S20230204,C001,66,2024-06-19T16:00:00.000Z,100,66
S20230204C003,S20230204,C003,77,2024-06-19T16:00:00.000Z,95,77
S20230204C004,S20230204,C004,69,2024-06-19T16:00:00.000Z,97,69
S20230204C005,S20230204,C005,74,2024-06-19T16:00:00.000Z,94,74
S20230204C007,S20230204,C007,90,2024-06-19T16:00:00.000Z,82,90
S20230204C008,S20230204,C008,88,2024-06-19T16:00:00.000Z,72,88
S20230204C002,S20230204,C002,65,2024-06-19T16:00:00.000Z,98,65
S20230205C001,S20230205,C001,69,2024-06-19T16:00:00.000Z,81,69
S20230205C003,S20230205,C003,93,2024-06-19T16:00:00.000Z,84,93
S20230205C004,S20230205,C004,76,2024-06-19T16:00:00.000Z,72,76
S20230205C005,S20230205,C005,85,2024-06-19T16:00:00.000Z,76,85
S20230205C007,S20230205,C007,87,2024-06-19T16:00:00.000Z,75,87
S20230205C008,S20230205,C008,73,2024-06-19T16:00:00.000Z,91,73
S20230205C002,S20230205,C002,88,2024-06-19T16:00:00.000Z,98,88
S20230205C006,S20230205,C006,92,2024-06-19T16:00:00.000Z,75,92
S20230206C001,S20230206,C001,96,2024-06-19T16:00:00.000Z,83,96
S20230206C003,S20230206,C003,55,2024-06-19T16:00:00.000Z,99,55
S20230206C004,S20230206,C004,61,2024-06-19T16:00:00.000Z,91,61
S20230206C005,S20230206,C005,35,2024-06-19T16:00:00.000Z,70,35
S20230206C007,S20230206,C007,60,2024-06-19T16:00:00.000Z,97,60
S20230206C008,S20230206,C008,92,2024-06-19T16:00:00.000Z,70,92
S20230206C002,S20230206,C002,88,2024-06-19T16:00:00.000Z,76,88
S20230207C001,S20230207,C001,80,2024-06-19T16:00:00.000Z,97,80
S20230207C003,S20230207,C003,81,2024-06-19T16:00:00.000Z,92,81
S20230207C004,S20230207,C004,39,2024-06-19T16:00:00.000Z,90,39
S20230207C005,S20230207,C005,75,2024-06-19T16:00:00.000Z,89,75
S20230207C007,S20230207,C007,97,2024-06-19T16:00:00.000Z,78,97
S20230207C008,S20230207,C008,73,2024-06-19T16:00:00.000Z,88,73
S20230207C002,S20230207,C002,55,2024-06-19T16:00:00.000Z,77,55
S20230207C006,S20230207,C006,77,2024-06-19T16:00:00.000Z,98,77
S20230208C001,S20230208,C001,83,2024-06-19T16:00:00.000Z,76,83
S20230208C003,S20230208,C003,94,2024-06-19T16:00:00.000Z,80,94
S20230208C004,S20230208,C004,87,2024-06-19T16:00:00.000Z,74,87
S20230208C005,S20230208,C005,78,2024-06-19T16:00:00.000Z,74,78
S20230208C007,S20230208,C007,66,2024-06-19T16:00:00.000Z,96,66
S20230208C008,S20230208,C008,90,2024-06-19T16:00:00.000Z,80,90
S20230208C002,S20230208,C002,100,2024-06-19T16:00:00.000Z,72,100
S20230208C006,S20230208,C006,77,2024-06-19T16:00:00.000Z,93,77
S20230209C001,S20230209,C001,53,2024-06-19T16:00:00.000Z,89,53
S20230209C003,S20230209,C003,91,2024-06-19T16:00:00.000Z,88,91
S20230209C004,S20230209,C004,60,2024-06-19T16:00:00.000Z,83,60
S20230209C005,S20230209,C005,79,2024-06-19T16:00:00.000Z,89,79
S20230209C007,S20230209,C007,95,2024-06-19T16:00:00.000Z,97,95
S20230209C008,S20230209,C008,66,2024-06-19T16:00:00.000Z,78,66
S20230209C002,S20230209,C002,98,2024-06-19T16:00:00.000Z,93,98
S20230210C001,S20230210,C001,95,2024-06-19T16:00:00.000Z,95,95
S20230210C003,S20230210,C003,93,2024-06-19T16:00:00.000Z,76,93
S20230210C004,S20230210,C004,86,2024-06-19T16:00:00.000Z,98,86
S20230210C005,S20230210,C005,35,2024-06-19T16:00:00.000Z,72,35
S20230210C007,S20230210,C007,62,2024-06-19T16:00:00.000Z,74,62
S20230210C008,S20230210,C008,74,2024-06-19T16:00:00.000Z,91,74
S20230210C002,S20230210,C002,71,2024-06-19T16:00:00.000Z,94,71
S20230211C001,S20230211,C001,95,2024-06-19T16:00:00.000Z,92,95
S20230211C003,S20230211,C003,72,2024-06-19T16:00:00.000Z,81,72
S20230211C004,S20230211,C004,78,2024-06-19T16:00:00.000Z,76,78
S20230211C005,S20230211,C005,46,2024-06-19T16:00:00.000Z,80,46
S20230211C007,S20230211,C007,66,2024-06-19T16:00:00.000Z,91,66
S20230211C008,S20230211,C008,79,2024-06-19T16:00:00.000Z,91,79
S20230211C002,S20230211,C002,62,2024-06-19T16:00:00.000Z,83,62
S20230212C001,S20230212,C001,63,2024-06-19T16:00:00.000Z,91,63
S20230212C003,S20230212,C003,76,2024-06-19T16:00:00.000Z,83,76
S20230212C004,S20230212,C004,74,2024-06-19T16:00:00.000Z,92,74
S20230212C005,S20230212,C005,100,2024-06-19T16:00:00.000Z,82,100
S20230212C007,S20230212,C007,84,2024-06-19T16:00:00.000Z,95,84
S20230212C008,S20230212,C008,98,2024-06-19T16:00:00.000Z,76,98
S20230212C002,S20230212,C002,69,2024-06-19T16:00:00.000Z,71,69
S20230212C006,S20230212,C006,95,2024-06-19T16:00:00.000Z,86,95
S20230213C001,S20230213,C001,95,2024-06-19T16:00:00.000Z,82,95
S20230213C003,S20230213,C003,64,2024-06-19T16:00:00.000Z,74,64
S20230213C004,S20230213,C004,60,2024-06-19T16:00:00.000Z,100,60
S20230213C005,S20230213,C005,59,2024-06-19T16:00:00.000Z,74,59
S20230213C007,S20230213,C007,92,2024-06-19T16:00:00.000Z,100,92
S20230213C008,S20230213,C008,98,2024-06-19T16:00:00.000Z,96,98
S20230213C002,S20230213,C002,86,2024-06-19T16:00:00.000Z,75,86
S20230213C006,S20230213,C006,66,2024-06-19T16:00:00.000Z,100,66
S20230214C001,S20230214,C001,93,2024-06-19T16:00:00.000Z,86,93
S20230214C003,S20230214,C003,64,2024-06-19T16:00:00.000Z,83,64
S20230214C004,S20230214,C004,50,2024-06-19T16:00:00.000Z,70,50
S20230214C005,S20230214,C005,71,2024-06-19T16:00:00.000Z,73,71
S20230214C007,S20230214,C007,88,2024-06-19T16:00:00.000Z,77,88
S20230214C008,S20230214,C008,59,2024-06-19T16:00:00.000Z,96,59
S20230214C002,S20230214,C002,77,2024-06-19T16:00:00.000Z,73,77
S20230214C006,S20230214,C006,42,2024-06-19T16:00:00.000Z,82,42
S20230215C001,S20230215,C001,92,2024-06-19T16:00:00.000Z,74,92
S20230215C003,S20230215,C003,43,2024-06-19T16:00:00.000Z,74,43
S20230215C004,S20230215,C004,96,2024-06-19T16:00:00.000Z,81,96
S20230215C005,S20230215,C005,85,2024-06-19T16:00:00.000Z,94,85
S20230215C007,S20230215,C007,96,2024-06-19T16:00:00.000Z,89,96
S20230215C008,S20230215,C008,67,2024-06-19T16:00:00.000Z,72,67
S20230215C002,S20230215,C002,61,2024-06-19T16:00:00.000Z,96,61
S20230215C006,S20230215,C006,90,2024-06-19T16:00:00.000Z,97,90
S20230216C001,S20230216,C001,100,2024-06-19T16:00:00.000Z,93,100
S20230216C003,S20230216,C003,86,2024-06-19T16:00:00.000Z,70,86
S20230216C004,S20230216,C004,73,2024-06-19T16:00:00.000Z,74,73
S20230216C005,S20230216,C005,98,2024-06-19T16:00:00.000Z,73,98
S20230216C007,S20230216,C007,68,2024-06-19T16:00:00.000Z,83,68
S20230216C008,S20230216,C008,95,2024-06-19T16:00:00.000Z,75,95
S20230216C002,S20230216,C002,90,2024-06-19T16:00:00.000Z,90,90
S20230216C006,S20230216,C006,71,2024-06-19T16:00:00.000Z,84,71
S20230217C001,S20230217,C001,76,2024-06-19T16:00:00.000Z,86,76
S20230217C003,S20230217,C003,74,2024-06-19T16:00:00.000Z,77,74
S20230217C004,S20230217,C004,62,2024-06-19T16:00:00.000Z,85,62
S20230217C005,S20230217,C005,66,2024-06-19T16:00:00.000Z,76,66
S20230217C007,S20230217,C007,91,2024-06-19T16:00:00.000Z,94,91
S20230217C008,S20230217,C008,75,2024-06-19T16:00:00.000Z,94,75
S20230217C002,S20230217,C002,32,2024-06-19T16:00:00.000Z,75,32
S20230218C001,S20230218,C001,58,2024-06-19T16:00:00.000Z,90,58
S20230218C003,S20230218,C003,72,2024-06-19T16:00:00.000Z,99,72
S20230218C004,S20230218,C004,63,2024-06-19T16:00:00.000Z,92,63
S20230218C005,S20230218,C005,100,2024-06-19T16:00:00.000Z,73,100
S20230218C007,S20230218,C007,65,2024-06-19T16:00:00.000Z,71,65
S20230218C008,S20230218,C008,62,2024-06-19T16:00:00.000Z,75,62
S20230218C002,S20230218,C002,82,2024-06-19T16:00:00.000Z,98,82
S20230219C001,S20230219,C001,44,2024-06-19T16:00:00.000Z,71,44
S20230219C003,S20230219,C003,86,2024-06-19T16:00:00.000Z,88,86
S20230219C004,S20230219,C004,89,2024-06-19T16:00:00.000Z,95,89
S20230219C005,S20230219,C005,57,2024-06-19T16:00:00.000Z,79,57
S20230219C007,S20230219,C007,92,2024-06-19T16:00:00.000Z,75,92
S20230219C008,S20230219,C008,41,2024-06-19T16:00:00.000Z,92,41
S20230219C002,S20230219,C002,70,2024-06-19T16:00:00.000Z,71,70
S20230219C006,S20230219,C006,52,2024-06-19T16:00:00.000Z,94,52
S20230220C001,S20230220,C001,85,2024-06-19T16:00:00.000Z,93,85
S20230220C003,S20230220,C003,67,2024-06-19T16:00:00.000Z,77,67
S20230220C004,S20230220,C004,74,2024-06-19T16:00:00.000Z,75,74
S20230220C005,S20230220,C005,72,2024-06-19T16:00:00.000Z,72,72
S20230220C007,S20230220,C007,53,2024-06-19T16:00:00.000Z,96,53
S20230220C008,S20230220,C008,76,2024-06-19T16:00:00.000Z,94,76
S20230220C002,S20230220,C002,79,2024-06-19T16:00:00.000Z,85,79
S20230221C001,S20230221,C001,94,2024-06-19T16:00:00.000Z,73,94
S20230221C003,S20230221,C003,41,2024-06-19T16:00:00.000Z,83,41
S20230221C004,S20230221,C004,85,2024-06-19T16:00:00.000Z,74,85
S20230221C005,S20230221,C005,80,2024-06-19T16:00:00.000Z,86,80
S20230221C007,S20230221,C007,89,2024-06-19T16:00:00.000Z,85,89
S20230221C008,S20230221,C008,62,2024-06-19T16:00:00.000Z,87,62
S20230221C002,S20230221,C002,76,2024-06-19T16:00:00.000Z,71,76
S20230221C006,S20230221,C006,94,2024-06-19T16:00:00.000Z,74,94
S20230222C001,S20230222,C001,92,2024-06-19T16:00:00.000Z,95,92
S20230222C003,S20230222,C003,63,2024-06-19T16:00:00.000Z,86,63
S20230222C004,S20230222,C004,64,2024-06-19T16:00:00.000Z,83,64
S20230222C005,S20230222,C005,36,2024-06-19T16:00:00.000Z,87,36
S20230222C007,S20230222,C007,84,2024-06-19T16:00:00.000Z,92,84
S20230222C008,S20230222,C008,53,2024-06-19T16:00:00.000Z,96,53
S20230222C002,S20230222,C002,74,2024-06-19T16:00:00.000Z,77,74
S20230223C001,S20230223,C001,75,2024-06-19T16:00:00.000Z,93,75
S20230223C003,S20230223,C003,91,2024-06-19T16:00:00.000Z,93,91
S20230223C004,S20230223,C004,69,2024-06-19T16:00:00.000Z,92,69
S20230223C005,S20230223,C005,92,2024-06-19T16:00:00.000Z,82,92
S20230223C007,S20230223,C007,79,2024-06-19T16:00:00.000Z,96,79
S20230223C008,S20230223,C008,98,2024-06-19T16:00:00.000Z,85,98
S20230223C002,S20230223,C002,83,2024-06-19T16:00:00.000Z,89,83
S20230223C006,S20230223,C006,92,2024-06-19T16:00:00.000Z,71,92
S20230224C001,S20230224,C001,85,2024-06-19T16:00:00.000Z,74,85
S20230224C003,S20230224,C003,76,2024-06-19T16:00:00.000Z,83,76
S20230224C004,S20230224,C004,50,2024-06-19T16:00:00.000Z,98,50
S20230224C005,S20230224,C005,88,2024-06-19T16:00:00.000Z,85,88
S20230224C007,S20230224,C007,97,2024-06-19T16:00:00.000Z,90,97
S20230224C008,S20230224,C008,63,2024-06-19T16:00:00.000Z,77,63
S20230224C002,S20230224,C002,88,2024-06-19T16:00:00.000Z,98,88
S20230225C001,S20230225,C001,81,2024-06-19T16:00:00.000Z,93,81
S20230225C003,S20230225,C003,92,2024-06-19T16:00:00.000Z,74,92
S20230225C004,S20230225,C004,86,2024-06-19T16:00:00.000Z,82,86
S20230225C005,S20230225,C005,90,2024-06-19T16:00:00.000Z,92,90
S20230225C007,S20230225,C007,75,2024-06-19T16:00:00.000Z,74,75
S20230225C008,S20230225,C008,96,2024-06-19T16:00:00.000Z,88,96
S20230225C002,S20230225,C002,99,2024-06-19T16:00:00.000Z,95,99
S20230225C006,S20230225,C006,98,2024-06-19T16:00:00.000Z,89,98
S20230226C001,S20230226,C001,62,2024-06-19T16:00:00.000Z,78,62
S20230226C003,S20230226,C003,100,2024-06-19T16:00:00.000Z,87,100
S20230226C004,S20230226,C004,46,2024-06-19T16:00:00.000Z,74,46
S20230226C005,S20230226,C005,75,2024-06-19T16:00:00.000Z,86,75
S20230226C007,S20230226,C007,58,2024-06-19T16:00:00.000Z,96,58
S20230226C008,S20230226,C008,84,2024-06-19T16:00:00.000Z,99,84
S20230226C002,S20230226,C002,83,2024-06-19T16:00:00.000Z,81,83
S20230227C001,S20230227,C001,80,2024-06-19T16:00:00.000Z,96,80
S20230227C003,S20230227,C003,65,2024-06-19T16:00:00.000Z,83,65
S20230227C004,S20230227,C004,70,2024-06-19T16:00:00.000Z,85,70
S20230227C005,S20230227,C005,75,2024-06-19T16:00:00.000Z,89,75
S20230227C007,S20230227,C007,86,2024-06-19T16:00:00.000Z,82,86
S20230227C008,S20230227,C008,92,2024-06-19T16:00:00.000Z,87,92
S20230227C002,S20230227,C002,61,2024-06-19T16:00:00.000Z,80,61
S20230227C006,S20230227,C006,100,2024-06-19T16:00:00.000Z,76,100
S20230228C001,S20230228,C001,60,2024-06-19T16:00:00.000Z,84,60
S20230228C003,S20230228,C003,68,2024-06-19T16:00:00.000Z,77,68
S20230228C004,S20230228,C004,76,2024-06-19T16:00:00.000Z,77,76
S20230228C005,S20230228,C005,79,2024-06-19T16:00:00.000Z,94,79
S20230228C007,S20230228,C007,81,2024-06-19T16:00:00.000Z,100,81
S20230228C008,S20230228,C008,74,2024-06-19T16:00:00.000Z,76,74
S20230228C002,S20230228,C002,97,2024-06-19T16:00:00.000Z,86,97
S20230229C001,S20230229,C001,76,2024-06-19T16:00:00.000Z,100,76
S20230229C003,S20230229,C003,40,2024-06-19T16:00:00.000Z,89,40
S20230229C004,S20230229,C004,90,2024-06-19T16:00:00.000Z,98,90
S20230229C005,S20230229,C005,87,2024-06-19T16:00:00.000Z,78,87
S20230229C007,S20230229,C007,81,2024-06-19T16:00:00.000Z,73,81
S20230229C008,S20230229,C008,83,2024-06-19T16:00:00.000Z,82,83
S20230229C002,S20230229,C002,30,2024-06-19T16:00:00.000Z,86,30
S20230230C001,S20230230,C001,78,2024-06-19T16:00:00.000Z,82,78
S20230230C003,S20230230,C003,89,2024-06-19T16:00:00.000Z,94,89
S20230230C004,S20230230,C004,63,2024-06-19T16:00:00.000Z,97,63
S20230230C005,S20230230,C005,76,2024-06-19T16:00:00.000Z,99,76
S20230230C007,S20230230,C007,49,2024-06-19T16:00:00.000Z,100,49
S20230230C008,S20230230,C008,91,2024-06-19T16:00:00.000Z,83,91
S20230230C002,S20230230,C002,62,2024-06-19T16:00:00.000Z,98,62
S20230301C001,S20230301,C001,90,2024-06-19T16:00:00.000Z,99,90
S20230301C003,S20230301,C003,72,2024-06-19T16:00:00.000Z,82,72
S20230301C004,S20230301,C004,93,2024-06-19T16:00:00.000Z,83,93
S20230301C005,S20230301,C005,76,2024-06-19T16:00:00.000Z,90,76
S20230301C007,S20230301,C007,78,2024-06-19T16:00:00.000Z,80,78
S20230301C008,S20230301,C008,54,2024-06-19T16:00:00.000Z,76,54
S20230301C002,S20230301,C002,92,2024-06-19T16:00:00.000Z,100,92
S20230302C001,S20230302,C001,93,2024-06-19T16:00:00.000Z,90,93
S20230302C001_M,S20230302,C001,60,2024-09-14T16:00:00.000Z,90,77
S20230302C003,S20230302,C003,100,2024-06-19T16:00:00.000Z,92,100
S20230302C003_M,S20230302,C003,60,2024-09-14T16:00:00.000Z,95,94
S20230302C004,S20230302,C004,75,2024-06-19T16:00:00.000Z,88,75
S20230302C005,S20230302,C005,33,2024-06-19T16:00:00.000Z,81,33
S20230302C007,S20230302,C007,87,2024-06-19T16:00:00.000Z,80,87
S20230302C007_M,S20230302,C007,60,2024-09-14T16:00:00.000Z,87,45
S20230302C008,S20230302,C008,70,2024-06-19T16:00:00.000Z,75,70
S20230302C002,S20230302,C002,82,2024-06-19T16:00:00.000Z,93,82
S20230302C006,S20230302,C006,89,2024-06-19T16:00:00.000Z,81,89
S20230303C001,S20230303,C001,62,2024-06-19T16:00:00.000Z,72,62
S20230303C003,S20230303,C003,63,2024-06-19T16:00:00.000Z,94,63
S20230303C004,S20230303,C004,38,2024-06-19T16:00:00.000Z,73,38
S20230303C005,S20230303,C005,58,2024-06-19T16:00:00.000Z,86,58
S20230303C007,S20230303,C007,60,2024-06-19T16:00:00.000Z,78,60
S20230303C008,S20230303,C008,36,2024-06-19T16:00:00.000Z,86,36
S20230303C002,S20230303,C002,71,2024-06-19T16:00:00.000Z,96,71
S20230303C006,S20230303,C006,89,2024-06-19T16:00:00.000Z,99,89
S20230304C001,S20230304,C001,96,2024-06-19T16:00:00.000Z,95,96
S20230304C001_M,S20230304,C001,60,2024-09-14T16:00:00.000Z,95,75
S20230304C003,S20230304,C003,92,2024-06-19T16:00:00.000Z,99,92
S20230304C003_M,S20230304,C003,54,2024-09-14T16:00:00.000Z,98,34
S20230304C004,S20230304,C004,64,2024-06-19T16:00:00.000Z,73,64
S20230304C005,S20230304,C005,97,2024-06-19T16:00:00.000Z,94,97
S20230304C007,S20230304,C007,32,2024-06-19T16:00:00.000Z,85,32
S20230304C007_M,S20230304,C007,60,2024-09-14T16:00:00.000Z,98,94
S20230304C008,S20230304,C008,56,2024-06-19T16:00:00.000Z,88,56
S20230304C002,S20230304,C002,85,2024-06-19T16:00:00.000Z,95,85
S20230305C001,S20230305,C001,68,2024-06-19T16:00:00.000Z,74,68
S20230305C003,S20230305,C003,72,2024-06-19T16:00:00.000Z,100,72
S20230305C004,S20230305,C004,54,2024-06-19T16:00:00.000Z,88,54
S20230305C005,S20230305,C005,87,2024-06-19T16:00:00.000Z,83,87
S20230305C007,S20230305,C007,68,2024-06-19T16:00:00.000Z,72,68
S20230305C008,S20230305,C008,79,2024-06-19T16:00:00.000Z,76,79
S20230305C002,S20230305,C002,60,2024-06-19T16:00:00.000Z,97,60
S20230305C006,S20230305,C006,80,2024-06-19T16:00:00.000Z,93,80
S20230306C001,S20230306,C001,77,2024-06-19T16:00:00.000Z,73,77
S20230306C003,S20230306,C003,58,2024-06-19T16:00:00.000Z,84,58
S20230306C004,S20230306,C004,35,2024-06-19T16:00:00.000Z,89,35
S20230306C005,S20230306,C005,33,2024-06-19T16:00:00.000Z,85,33
S20230306C007,S20230306,C007,73,2024-06-19T16:00:00.000Z,77,73
S20230306C008,S20230306,C008,84,2024-06-19T16:00:00.000Z,70,84
S20230306C002,S20230306,C002,85,2024-06-19T16:00:00.000Z,86,85
S20230306C006,S20230306,C006,90,2024-06-19T16:00:00.000Z,76,90
S20230307C001,S20230307,C001,68,2024-06-19T16:00:00.000Z,98,68
S20230307C003,S20230307,C003,98,2024-06-19T16:00:00.000Z,79,98
S20230307C004,S20230307,C004,40,2024-06-19T16:00:00.000Z,84,40
S20230307C005,S20230307,C005,73,2024-06-19T16:00:00.000Z,95,73
S20230307C007,S20230307,C007,36,2024-06-19T16:00:00.000Z,93,36
S20230307C008,S20230307,C008,83,2024-06-19T16:00:00.000Z,73,83
S20230307C002,S20230307,C002,39,2024-06-19T16:00:00.000Z,89,39
S20230308C001,S20230308,C001,85,2024-06-19T16:00:00.000Z,86,85
S20230308C003,S20230308,C003,72,2024-06-19T16:00:00.000Z,95,72
S20230308C004,S20230308,C004,43,2024-06-19T16:00:00.000Z,92,43
S20230308C005,S20230308,C005,79,2024-06-19T16:00:00.000Z,86,79
S20230308C007,S20230308,C007,89,2024-06-19T16:00:00.000Z,96,89
S20230308C008,S20230308,C008,70,2024-06-19T16:00:00.000Z,71,70
S20230308C002,S20230308,C002,31,2024-06-19T16:00:00.000Z,83,31
S20230308C006,S20230308,C006,76,2024-06-19T16:00:00.000Z,85,76
S20230309C001,S20230309,C001,51,2024-06-19T16:00:00.000Z,86,51
S20230309C003,S20230309,C003,30,2024-06-19T16:00:00.000Z,93,30
S20230309C004,S20230309,C004,62,2024-06-19T16:00:00.000Z,84,62
S20230309C005,S20230309,C005,100,2024-06-19T16:00:00.000Z,85,100
S20230309C007,S20230309,C007,81,2024-06-19T16:00:00.000Z,83,81
S20230309C008,S20230309,C008,98,2024-06-19T16:00:00.000Z,72,98
S20230309C002,S20230309,C002,79,2024-06-19T16:00:00.000Z,84,79
S20230310C001,S20230310,C001,81,2024-06-19T16:00:00.000Z,81,81
S20230310C003,S20230310,C003,81,2024-06-19T16:00:00.000Z,92,81
S20230310C004,S20230310,C004,72,2024-06-19T16:00:00.000Z,81,72
S20230310C005,S20230310,C005,56,2024-06-19T16:00:00.000Z,88,56
S20230310C007,S20230310,C007,99,2024-06-19T16:00:00.000Z,87,99
S20230310C008,S20230310,C008,86,2024-06-19T16:00:00.000Z,93,86
S20230310C002,S20230310,C002,82,2024-06-19T16:00:00.000Z,90,82
S20230310C006,S20230310,C006,90,2024-06-19T16:00:00.000Z,96,90
S20230311C001,S20230311,C001,73,2024-06-19T16:00:00.000Z,73,73
S20230311C003,S20230311,C003,64,2024-06-19T16:00:00.000Z,97,64
S20230311C004,S20230311,C004,64,2024-06-19T16:00:00.000Z,80,64
S20230311C005,S20230311,C005,94,2024-06-19T16:00:00.000Z,79,94
S20230311C007,S20230311,C007,67,2024-06-19T16:00:00.000Z,100,67
S20230311C008,S20230311,C008,64,2024-06-19T16:00:00.000Z,70,64
S20230311C002,S20230311,C002,91,2024-06-19T16:00:00.000Z,91,91
S20230311C006,S20230311,C006,73,2024-06-19T16:00:00.000Z,95,73
S20230312C001,S20230312,C001,77,2024-06-19T16:00:00.000Z,81,77
S20230312C001_M,S20230312,C001,60,2024-09-14T16:00:00.000Z,80,46
S20230312C003,S20230312,C003,61,2024-06-19T16:00:00.000Z,76,61
S20230312C003_M,S20230312,C003,60,2024-09-14T16:00:00.000Z,86,95
S20230312C004,S20230312,C004,90,2024-06-19T16:00:00.000Z,79,90
S20230312C005,S20230312,C005,95,2024-06-19T16:00:00.000Z,78,95
S20230312C007,S20230312,C007,81,2024-06-19T16:00:00.000Z,89,81
S20230312C007_M,S20230312,C007,52,2024-09-14T16:00:00.000Z,79,32
S20230312C008,S20230312,C008,44,2024-06-19T16:00:00.000Z,85,44
S20230312C002,S20230312,C002,83,2024-06-19T16:00:00.000Z,76,83
S20230312C006,S20230312,C006,67,2024-06-19T16:00:00.000Z,95,67
S20230313C001,S20230313,C001,96,2024-06-19T16:00:00.000Z,91,96
S20230313C003,S20230313,C003,49,2024-06-19T16:00:00.000Z,96,49
S20230313C004,S20230313,C004,41,2024-06-19T16:00:00.000Z,75,41
S20230313C005,S20230313,C005,71,2024-06-19T16:00:00.000Z,93,71
S20230313C007,S20230313,C007,83,2024-06-19T16:00:00.000Z,99,83
S20230313C008,S20230313,C008,41,2024-06-19T16:00:00.000Z,98,41
S20230313C002,S20230313,C002,38,2024-06-19T16:00:00.000Z,72,38
S20230314C001,S20230314,C001,56,2024-06-19T16:00:00.000Z,99,56
S20230314C003,S20230314,C003,100,2024-06-19T16:00:00.000Z,82,100
S20230314C004,S20230314,C004,72,2024-06-19T16:00:00.000Z,75,72
S20230314C005,S20230314,C005,70,2024-06-19T16:00:00.000Z,83,70
S20230314C007,S20230314,C007,61,2024-06-19T16:00:00.000Z,91,61
S20230314C008,S20230314,C008,95,2024-06-19T16:00:00.000Z,71,95
S20230314C002,S20230314,C002,60,2024-06-19T16:00:00.000Z,74,60
S20230314C006,S20230314,C006,69,2024-06-19T16:00:00.000Z,92,69
S20230315C001,S20230315,C001,82,2024-06-19T16:00:00.000Z,88,82
S20230315C003,S20230315,C003,70,2024-06-19T16:00:00.000Z,85,70
S20230315C004,S20230315,C004,30,2024-06-19T16:00:00.000Z,98,30
S20230315C005,S20230315,C005,69,2024-06-19T16:00:00.000Z,96,69
S20230315C007,S20230315,C007,63,2024-06-19T16:00:00.000Z,97,63
S20230315C008,S20230315,C008,49,2024-06-19T16:00:00.000Z,85,49
S20230315C002,S20230315,C002,90,2024-06-19T16:00:00.000Z,95,90
S20230316C001,S20230316,C001,85,2024-06-19T16:00:00.000Z,92,85
S20230316C003,S20230316,C003,66,2024-06-19T16:00:00.000Z,90,66
S20230316C004,S20230316,C004,89,2024-06-19T16:00:00.000Z,88,89
S20230316C005,S20230316,C005,81,2024-06-19T16:00:00.000Z,88,81
S20230316C007,S20230316,C007,85,2024-06-19T16:00:00.000Z,96,85
S20230316C008,S20230316,C008,98,2024-06-19T16:00:00.000Z,72,98
S20230316C002,S20230316,C002,94,2024-06-19T16:00:00.000Z,97,94
S20230317C001,S20230317,C001,64,2024-06-19T16:00:00.000Z,93,64
S20230317C003,S20230317,C003,86,2024-06-19T16:00:00.000Z,94,86
S20230317C004,S20230317,C004,70,2024-06-19T16:00:00.000Z,82,70
S20230317C005,S20230317,C005,77,2024-06-19T16:00:00.000Z,75,77
S20230317C007,S20230317,C007,88,2024-06-19T16:00:00.000Z,70,88
S20230317C008,S20230317,C008,88,2024-06-19T16:00:00.000Z,72,88
S20230317C002,S20230317,C002,66,2024-06-19T16:00:00.000Z,72,66
S20230317C006,S20230317,C006,61,2024-06-19T16:00:00.000Z,90,61
S20230318C001,S20230318,C001,51,2024-06-19T16:00:00.000Z,92,51
S20230318C003,S20230318,C003,98,2024-06-19T16:00:00.000Z,76,98
S20230318C004,S20230318,C004,92,2024-06-19T16:00:00.000Z,94,92
S20230318C005,S20230318,C005,60,2024-06-19T16:00:00.000Z,87,60
S20230318C007,S20230318,C007,92,2024-06-19T16:00:00.000Z,91,92
S20230318C008,S20230318,C008,96,2024-06-19T16:00:00.000Z,74,96
S20230318C002,S20230318,C002,82,2024-06-19T16:00:00.000Z,88,82
S20230319C001,S20230319,C001,84,2024-06-19T16:00:00.000Z,70,84
S20230319C001_M,S20230319,C001,60,2024-09-14T16:00:00.000Z,83,82
S20230319C003,S20230319,C003,96,2024-06-19T16:00:00.000Z,80,96
S20230319C003_M,S20230319,C003,60,2024-09-14T16:00:00.000Z,91,69
S20230319C004,S20230319,C004,56,2024-06-19T16:00:00.000Z,74,56
S20230319C005,S20230319,C005,89,2024-06-19T16:00:00.000Z,91,89
S20230319C007,S20230319,C007,76,2024-06-19T16:00:00.000Z,84,76
S20230319C007_M,S20230319,C007,60,2024-09-14T16:00:00.000Z,71,75
S20230319C008,S20230319,C008,94,2024-06-19T16:00:00.000Z,96,94
S20230319C002,S20230319,C002,68,2024-06-19T16:00:00.000Z,78,68
S20230320C001,S20230320,C001,38,2024-06-19T16:00:00.000Z,95,38
S20230320C003,S20230320,C003,49,2024-06-19T16:00:00.000Z,77,49
S20230320C004,S20230320,C004,89,2024-06-19T16:00:00.000Z,78,89
S20230320C005,S20230320,C005,62,2024-06-19T16:00:00.000Z,73,62
S20230320C007,S20230320,C007,91,2024-06-19T16:00:00.000Z,91,91
S20230320C008,S20230320,C008,68,2024-06-19T16:00:00.000Z,83,68
S20230320C002,S20230320,C002,78,2024-06-19T16:00:00.000Z,90,78
S20230320C006,S20230320,C006,93,2024-06-19T16:00:00.000Z,97,93
S20230321C001,S20230321,C001,74,2024-06-19T16:00:00.000Z,74,74
S20230321C003,S20230321,C003,79,2024-06-19T16:00:00.000Z,78,79
S20230321C004,S20230321,C004,86,2024-06-19T16:00:00.000Z,91,86
S20230321C005,S20230321,C005,63,2024-06-19T16:00:00.000Z,75,63
S20230321C007,S20230321,C007,93,2024-06-19T16:00:00.000Z,90,93
S20230321C008,S20230321,C008,80,2024-06-19T16:00:00.000Z,100,80
S20230321C002,S20230321,C002,73,2024-06-19T16:00:00.000Z,93,73
S20230322C001,S20230322,C001,33,2024-06-19T16:00:00.000Z,97,33
S20230322C003,S20230322,C003,85,2024-06-19T16:00:00.000Z,86,85
S20230322C004,S20230322,C004,37,2024-06-19T16:00:00.000Z,87,37
S20230322C005,S20230322,C005,87,2024-06-19T16:00:00.000Z,95,87
S20230322C007,S20230322,C007,85,2024-06-19T16:00:00.000Z,85,85
S20230322C008,S20230322,C008,58,2024-06-19T16:00:00.000Z,88,58
S20230322C002,S20230322,C002,73,2024-06-19T16:00:00.000Z,79,73
S20230323C001,S20230323,C001,94,2024-06-19T16:00:00.000Z,79,94
S20230323C003,S20230323,C003,84,2024-06-19T16:00:00.000Z,91,84
S20230323C004,S20230323,C004,70,2024-06-19T16:00:00.000Z,96,70
S20230323C005,S20230323,C005,89,2024-06-19T16:00:00.000Z,95,89
S20230323C007,S20230323,C007,99,2024-06-19T16:00:00.000Z,83,99
S20230323C008,S20230323,C008,69,2024-06-19T16:00:00.000Z,87,69
S20230323C002,S20230323,C002,57,2024-06-19T16:00:00.000Z,93,57
S20230324C001,S20230324,C001,74,2024-06-19T16:00:00.000Z,89,74
S20230324C003,S20230324,C003,94,2024-06-19T16:00:00.000Z,76,94
S20230324C004,S20230324,C004,97,2024-06-19T16:00:00.000Z,70,97
S20230324C005,S20230324,C005,63,2024-06-19T16:00:00.000Z,74,63
S20230324C007,S20230324,C007,72,2024-06-19T16:00:00.000Z,84,72
S20230324C008,S20230324,C008,63,2024-06-19T16:00:00.000Z,85,63
S20230324C002,S20230324,C002,92,2024-06-19T16:00:00.000Z,94,92
S20230324C006,S20230324,C006,61,2024-06-19T16:00:00.000Z,94,61
S20230325C001,S20230325,C001,75,2024-06-19T16:00:00.000Z,100,75
S20230325C003,S20230325,C003,69,2024-06-19T16:00:00.000Z,80,69
S20230325C004,S20230325,C004,85,2024-06-19T16:00:00.000Z,82,85
S20230325C005,S20230325,C005,36,2024-06-19T16:00:00.000Z,82,36
S20230325C007,S20230325,C007,62,2024-06-19T16:00:00.000Z,81,62
S20230325C008,S20230325,C008,51,2024-06-19T16:00:00.000Z,87,51
S20230325C002,S20230325,C002,74,2024-06-19T16:00:00.000Z,86,74
S20230325C006,S20230325,C006,71,2024-06-19T16:00:00.000Z,74,71
S20230326C001,S20230326,C001,30,2024-06-19T16:00:00.000Z,70,30
S20230326C001_M,S20230326,C001,60,2024-09-14T16:00:00.000Z,76,96
S20230326C003,S20230326,C003,87,2024-06-19T16:00:00.000Z,83,87
S20230326C003_M,S20230326,C003,56,2024-09-14T16:00:00.000Z,94,36
S20230326C004,S20230326,C004,85,2024-06-19T16:00:00.000Z,89,85
S20230326C005,S20230326,C005,91,2024-06-19T16:00:00.000Z,94,91
S20230326C007,S20230326,C007,79,2024-06-19T16:00:00.000Z,87,79
S20230326C007_M,S20230326,C007,60,2024-09-14T16:00:00.000Z,96,57
S20230326C008,S20230326,C008,40,2024-06-19T16:00:00.000Z,78,40
S20230326C002,S20230326,C002,90,2024-06-19T16:00:00.000Z,93,90
S20230327C001,S20230327,C001,69,2024-06-19T16:00:00.000Z,87,69
S20230327C003,S20230327,C003,36,2024-06-19T16:00:00.000Z,87,36
S20230327C004,S20230327,C004,73,2024-06-19T16:00:00.000Z,75,73
S20230327C005,S20230327,C005,89,2024-06-19T16:00:00.000Z,74,89
S20230327C007,S20230327,C007,76,2024-06-19T16:00:00.000Z,79,76
S20230327C008,S20230327,C008,95,2024-06-19T16:00:00.000Z,94,95
S20230327C002,S20230327,C002,70,2024-06-19T16:00:00.000Z,91,70
S20230327C006,S20230327,C006,99,2024-06-19T16:00:00.000Z,100,99
S20230328C001,S20230328,C001,82,2024-06-19T16:00:00.000Z,97,82
S20230328C003,S20230328,C003,49,2024-06-19T16:00:00.000Z,100,49
S20230328C004,S20230328,C004,78,2024-06-19T16:00:00.000Z,85,78
S20230328C005,S20230328,C005,81,2024-06-19T16:00:00.000Z,100,81
S20230328C007,S20230328,C007,78,2024-06-19T16:00:00.000Z,79,78
S20230328C008,S20230328,C008,81,2024-06-19T16:00:00.000Z,73,81
S20230328C002,S20230328,C002,79,2024-06-19T16:00:00.000Z,86,79
S20230401C001,S20230401,C001,77,2024-06-19T16:00:00.000Z,81,77
S20230401C003,S20230401,C003,88,2024-06-19T16:00:00.000Z,94,88
S20230401C004,S20230401,C004,89,2024-06-19T16:00:00.000Z,71,89
S20230401C005,S20230401,C005,51,2024-06-19T16:00:00.000Z,88,51
S20230401C007,S20230401,C007,95,2024-06-19T16:00:00.000Z,94,95
S20230401C008,S20230401,C008,79,2024-06-19T16:00:00.000Z,95,79
S20230401C002,S20230401,C002,77,2024-06-19T16:00:00.000Z,91,77
S20230401C006,S20230401,C006,91,2024-06-19T16:00:00.000Z,93,91
S20230402C001,S20230402,C001,83,2024-06-19T16:00:00.000Z,91,83
S20230402C003,S20230402,C003,36,2024-06-19T16:00:00.000Z,82,36
S20230402C004,S20230402,C004,44,2024-06-19T16:00:00.000Z,98,44
S20230402C005,S20230402,C005,69,2024-06-19T16:00:00.000Z,89,69
S20230402C007,S20230402,C007,84,2024-06-19T16:00:00.000Z,83,84
S20230402C008,S20230402,C008,72,2024-06-19T16:00:00.000Z,91,72
S20230402C002,S20230402,C002,43,2024-06-19T16:00:00.000Z,95,43
S20230402C006,S20230402,C006,97,2024-06-19T16:00:00.000Z,84,97
S20230403C001,S20230403,C001,76,2024-06-19T16:00:00.000Z,85,76
S20230403C003,S20230403,C003,86,2024-06-19T16:00:00.000Z,93,86
S20230403C004,S20230403,C004,69,2024-06-19T16:00:00.000Z,83,69
S20230403C005,S20230403,C005,64,2024-06-19T16:00:00.000Z,96,64
S20230403C007,S20230403,C007,33,2024-06-19T16:00:00.000Z,91,33
S20230403C008,S20230403,C008,66,2024-06-19T16:00:00.000Z,87,66
S20230403C002,S20230403,C002,73,2024-06-19T16:00:00.000Z,80,73
S20230404C001,S20230404,C001,32,2024-06-19T16:00:00.000Z,83,32
S20230404C003,S20230404,C003,47,2024-06-19T16:00:00.000Z,71,47
S20230404C004,S20230404,C004,94,2024-06-19T16:00:00.000Z,95,94
S20230404C005,S20230404,C005,78,2024-06-19T16:00:00.000Z,78,78
S20230404C007,S20230404,C007,70,2024-06-19T16:00:00.000Z,92,70
S20230404C008,S20230404,C008,76,2024-06-19T16:00:00.000Z,73,76
S20230404C002,S20230404,C002,74,2024-06-19T16:00:00.000Z,95,74
S20230404C006,S20230404,C006,66,2024-06-19T16:00:00.000Z,77,66
S20230405C001,S20230405,C001,85,2024-06-19T16:00:00.000Z,73,85
S20230405C003,S20230405,C003,76,2024-06-19T16:00:00.000Z,84,76
S20230405C004,S20230405,C004,43,2024-06-19T16:00:00.000Z,95,43
S20230405C005,S20230405,C005,95,2024-06-19T16:00:00.000Z,96,95
S20230405C007,S20230405,C007,44,2024-06-19T16:00:00.000Z,79,44
S20230405C008,S20230405,C008,41,2024-06-19T16:00:00.000Z,100,41
S20230405C002,S20230405,C002,86,2024-06-19T16:00:00.000Z,87,86
S20230405C006,S20230405,C006,70,2024-06-19T16:00:00.000Z,100,70
S20230406C001,S20230406,C001,79,2024-06-19T16:00:00.000Z,80,79
S20230406C003,S20230406,C003,85,2024-06-19T16:00:00.000Z,94,85
S20230406C004,S20230406,C004,93,2024-06-19T16:00:00.000Z,78,93
S20230406C005,S20230406,C005,72,2024-06-19T16:00:00.000Z,87,72
S20230406C007,S20230406,C007,88,2024-06-19T16:00:00.000Z,98,88
S20230406C008,S20230406,C008,73,2024-06-19T16:00:00.000Z,97,73
S20230406C002,S20230406,C002,65,2024-06-19T16:00:00.000Z,84,65
S20230407C001,S20230407,C001,60,2024-06-19T16:00:00.000Z,98,60
S20230407C003,S20230407,C003,82,2024-06-19T16:00:00.000Z,73,82
S20230407C004,S20230407,C004,67,2024-06-19T16:00:00.000Z,75,67
S20230407C005,S20230407,C005,67,2024-06-19T16:00:00.000Z,89,67
S20230407C007,S20230407,C007,64,2024-06-19T16:00:00.000Z,75,64
S20230407C008,S20230407,C008,71,2024-06-19T16:00:00.000Z,91,71
S20230407C002,S20230407,C002,64,2024-06-19T16:00:00.000Z,86,64
S20230407C006,S20230407,C006,88,2024-06-19T16:00:00.000Z,90,88
S20230408C001,S20230408,C001,81,2024-06-19T16:00:00.000Z,75,81
S20230408C003,S20230408,C003,66,2024-06-19T16:00:00.000Z,92,66
S20230408C004,S20230408,C004,92,2024-06-19T16:00:00.000Z,77,92
S20230408C005,S20230408,C005,97,2024-06-19T16:00:00.000Z,85,97
S20230408C007,S20230408,C007,46,2024-06-19T16:00:00.000Z,88,46
S20230408C008,S20230408,C008,63,2024-06-19T16:00:00.000Z,77,63
S20230408C002,S20230408,C002,48,2024-06-19T16:00:00.000Z,73,48
S20230409C001,S20230409,C001,48,2024-06-19T16:00:00.000Z,82,48
S20230409C003,S20230409,C003,94,2024-06-19T16:00:00.000Z,73,94
S20230409C004,S20230409,C004,42,2024-06-19T16:00:00.000Z,86,42
S20230409C005,S20230409,C005,62,2024-06-19T16:00:00.000Z,77,62
S20230409C007,S20230409,C007,88,2024-06-19T16:00:00.000Z,70,88
S20230409C008,S20230409,C008,85,2024-06-19T16:00:00.000Z,97,85
S20230409C002,S20230409,C002,77,2024-06-19T16:00:00.000Z,70,77
S20230409C006,S20230409,C006,88,2024-06-19T16:00:00.000Z,81,88
S20230410C001,S20230410,C001,87,2024-06-19T16:00:00.000Z,82,87
S20230410C003,S20230410,C003,36,2024-06-19T16:00:00.000Z,100,36
S20230410C004,S20230410,C004,67,2024-06-19T16:00:00.000Z,83,67
S20230410C005,S20230410,C005,66,2024-06-19T16:00:00.000Z,78,66
S20230410C007,S20230410,C007,69,2024-06-19T16:00:00.000Z,71,69
S20230410C008,S20230410,C008,31,2024-06-19T16:00:00.000Z,87,31
S20230410C002,S20230410,C002,63,2024-06-19T16:00:00.000Z,72,63
S20230410C006,S20230410,C006,73,2024-06-19T16:00:00.000Z,94,73
S20230411C001,S20230411,C001,75,2024-06-19T16:00:00.000Z,80,75
S20230411C003,S20230411,C003,77,2024-06-19T16:00:00.000Z,95,77
S20230411C004,S20230411,C004,91,2024-06-19T16:00:00.000Z,74,91
S20230411C005,S20230411,C005,78,2024-06-19T16:00:00.000Z,99,78
S20230411C007,S20230411,C007,97,2024-06-19T16:00:00.000Z,75,97
S20230411C008,S20230411,C008,74,2024-06-19T16:00:00.000Z,73,74
S20230411C002,S20230411,C002,65,2024-06-19T16:00:00.000Z,84,65
S20230411C006,S20230411,C006,98,2024-06-19T16:00:00.000Z,75,98
S20230412C001,S20230412,C001,100,2024-06-19T16:00:00.000Z,99,100
S20230412C003,S20230412,C003,78,2024-06-19T16:00:00.000Z,97,78
S20230412C004,S20230412,C004,67,2024-06-19T16:00:00.000Z,72,67
S20230412C005,S20230412,C005,90,2024-06-19T16:00:00.000Z,95,90
S20230412C007,S20230412,C007,99,2024-06-19T16:00:00.000Z,97,99
S20230412C008,S20230412,C008,89,2024-06-19T16:00:00.000Z,88,89
S20230412C002,S20230412,C002,93,2024-06-19T16:00:00.000Z,78,93
S20230413C001,S20230413,C001,66,2024-06-19T16:00:00.000Z,95,66
S20230413C003,S20230413,C003,92,2024-06-19T16:00:00.000Z,81,92
S20230413C004,S20230413,C004,91,2024-06-19T16:00:00.000Z,72,91
S20230413C005,S20230413,C005,80,2024-06-19T16:00:00.000Z,100,80
S20230413C007,S20230413,C007,71,2024-06-19T16:00:00.000Z,85,71
S20230413C008,S20230413,C008,84,2024-06-19T16:00:00.000Z,83,84
S20230413C002,S20230413,C002,71,2024-06-19T16:00:00.000Z,96,71
S20230414C001,S20230414,C001,70,2024-06-19T16:00:00.000Z,94,70
S20230414C003,S20230414,C003,75,2024-06-19T16:00:00.000Z,93,75
S20230414C004,S20230414,C004,80,2024-06-19T16:00:00.000Z,96,80
S20230414C005,S20230414,C005,46,2024-06-19T16:00:00.000Z,93,46
S20230414C007,S20230414,C007,80,2024-06-19T16:00:00.000Z,83,80
S20230414C008,S20230414,C008,73,2024-06-19T16:00:00.000Z,79,73
S20230414C002,S20230414,C002,92,2024-06-19T16:00:00.000Z,75,92
S20230414C006,S20230414,C006,72,2024-06-19T16:00:00.000Z,98,72
S20230415C001,S20230415,C001,74,2024-06-19T16:00:00.000Z,73,74
S20230415C003,S20230415,C003,73,2024-06-19T16:00:00.000Z,84,73
S20230415C004,S20230415,C004,30,2024-06-19T16:00:00.000Z,81,30
S20230415C005,S20230415,C005,42,2024-06-19T16:00:00.000Z,85,42
S20230415C007,S20230415,C007,74,2024-06-19T16:00:00.000Z,92,74
S20230415C008,S20230415,C008,85,2024-06-19T16:00:00.000Z,74,85
S20230415C002,S20230415,C002,68,2024-06-19T16:00:00.000Z,81,68
S20230416C001,S20230416,C001,99,2024-06-19T16:00:00.000Z,83,99
S20230416C003,S20230416,C003,98,2024-06-19T16:00:00.000Z,73,98
S20230416C004,S20230416,C004,76,2024-06-19T16:00:00.000Z,98,76
S20230416C005,S20230416,C005,78,2024-06-19T16:00:00.000Z,85,78
S20230416C007,S20230416,C007,72,2024-06-19T16:00:00.000Z,85,72
S20230416C008,S20230416,C008,85,2024-06-19T16:00:00.000Z,74,85
S20230416C002,S20230416,C002,33,2024-06-19T16:00:00.000Z,93,33
S20230416C006,S20230416,C006,100,2024-06-19T16:00:00.000Z,71,100
S20230417C001,S20230417,C001,94,2024-06-19T16:00:00.000Z,91,94
S20230417C003,S20230417,C003,64,2024-06-19T16:00:00.000Z,88,64
S20230417C004,S20230417,C004,100,2024-06-19T16:00:00.000Z,95,100
S20230417C005,S20230417,C005,93,2024-06-19T16:00:00.000Z,79,93
S20230417C007,S20230417,C007,79,2024-06-19T16:00:00.000Z,96,79
S20230417C008,S20230417,C008,95,2024-06-19T16:00:00.000Z,97,95
S20230417C002,S20230417,C002,89,2024-06-19T16:00:00.000Z,91,89
S20230418C001,S20230418,C001,97,2024-06-19T16:00:00.000Z,85,97
S20230418C003,S20230418,C003,65,2024-06-19T16:00:00.000Z,94,65
S20230418C004,S20230418,C004,46,2024-06-19T16:00:00.000Z,88,46
S20230418C005,S20230418,C005,72,2024-06-19T16:00:00.000Z,94,72
S20230418C007,S20230418,C007,84,2024-06-19T16:00:00.000Z,81,84
S20230418C008,S20230418,C008,95,2024-06-19T16:00:00.000Z,87,95
S20230418C002,S20230418,C002,99,2024-06-19T16:00:00.000Z,98,99
S20230419C001,S20230419,C001,81,2024-06-19T16:00:00.000Z,88,81
S20230419C003,S20230419,C003,86,2024-06-19T16:00:00.000Z,96,86
S20230419C004,S20230419,C004,57,2024-06-19T16:00:00.000Z,89,57
S20230419C005,S20230419,C005,81,2024-06-19T16:00:00.000Z,98,81
S20230419C007,S20230419,C007,48,2024-06-19T16:00:00.000Z,97,48
S20230419C008,S20230419,C008,50,2024-06-19T16:00:00.000Z,71,50
S20230419C002,S20230419,C002,87,2024-06-19T16:00:00.000Z,90,87
S20230419C006,S20230419,C006,77,2024-06-19T16:00:00.000Z,85,77
S20230420C001,S20230420,C001,92,2024-06-19T16:00:00.000Z,79,92
S20230420C001_M,S20230420,C001,60,2024-09-14T16:00:00.000Z,81,82
S20230420C003,S20230420,C003,85,2024-06-19T16:00:00.000Z,88,85
S20230420C003_M,S20230420,C003,50,2024-09-14T16:00:00.000Z,75,30
S20230420C004,S20230420,C004,82,2024-06-19T16:00:00.000Z,71,82
S20230420C005,S20230420,C005,40,2024-06-19T16:00:00.000Z,83,40
S20230420C007,S20230420,C007,66,2024-06-19T16:00:00.000Z,77,66
S20230420C007_M,S20230420,C007,60,2024-09-14T16:00:00.000Z,70,75
S20230420C008,S20230420,C008,71,2024-06-19T16:00:00.000Z,91,71
S20230420C002,S20230420,C002,90,2024-06-19T16:00:00.000Z,82,90
S20230421C001,S20230421,C001,75,2024-06-19T16:00:00.000Z,86,75
S20230421C003,S20230421,C003,93,2024-06-19T16:00:00.000Z,75,93
S20230421C004,S20230421,C004,60,2024-06-19T16:00:00.000Z,87,60
S20230421C005,S20230421,C005,97,2024-06-19T16:00:00.000Z,81,97
S20230421C007,S20230421,C007,75,2024-06-19T16:00:00.000Z,81,75
S20230421C008,S20230421,C008,60,2024-06-19T16:00:00.000Z,76,60
S20230421C002,S20230421,C002,97,2024-06-19T16:00:00.000Z,94,97
S20230421C006,S20230421,C006,77,2024-06-19T16:00:00.000Z,75,77
S20230422C001,S20230422,C001,77,2024-06-19T16:00:00.000Z,85,77
S20230422C003,S20230422,C003,66,2024-06-19T16:00:00.000Z,73,66
S20230422C004,S20230422,C004,99,2024-06-19T16:00:00.000Z,100,99
S20230422C005,S20230422,C005,82,2024-06-19T16:00:00.000Z,79,82
S20230422C007,S20230422,C007,98,2024-06-19T16:00:00.000Z,88,98
S20230422C008,S20230422,C008,50,2024-06-19T16:00:00.000Z,86,50
S20230422C002,S20230422,C002,91,2024-06-19T16:00:00.000Z,87,91
S20230423C001,S20230423,C001,93,2024-06-19T16:00:00.000Z,72,93
S20230423C003,S20230423,C003,42,2024-06-19T16:00:00.000Z,89,42
S20230423C004,S20230423,C004,93,2024-06-19T16:00:00.000Z,94,93
S20230423C005,S20230423,C005,63,2024-06-19T16:00:00.000Z,92,63
S20230423C007,S20230423,C007,88,2024-06-19T16:00:00.000Z,91,88
S20230423C008,S20230423,C008,97,2024-06-19T16:00:00.000Z,85,97
S20230423C002,S20230423,C002,70,2024-06-19T16:00:00.000Z,78,70
S20230424C001,S20230424,C001,91,2024-06-19T16:00:00.000Z,94,91
S20230424C003,S20230424,C003,70,2024-06-19T16:00:00.000Z,98,70
S20230424C004,S20230424,C004,88,2024-06-19T16:00:00.000Z,94,88
S20230424C005,S20230424,C005,85,2024-06-19T16:00:00.000Z,84,85
S20230424C007,S20230424,C007,83,2024-06-19T16:00:00.000Z,87,83
S20230424C008,S20230424,C008,86,2024-06-19T16:00:00.000Z,75,86
S20230424C002,S20230424,C002,95,2024-06-19T16:00:00.000Z,80,95
S20230424C006,S20230424,C006,58,2024-06-19T16:00:00.000Z,83,58
S20230425C001,S20230425,C001,69,2024-06-19T16:00:00.000Z,82,69
S20230425C001_M,S20230425,C001,51,2024-09-14T16:00:00.000Z,89,31
S20230425C003,S20230425,C003,87,2024-06-19T16:00:00.000Z,98,87
S20230425C003_M,S20230425,C003,60,2024-09-14T16:00:00.000Z,78,54
S20230425C004,S20230425,C004,93,2024-06-19T16:00:00.000Z,94,93
S20230425C005,S20230425,C005,96,2024-06-19T16:00:00.000Z,100,96
S20230425C007,S20230425,C007,94,2024-06-19T16:00:00.000Z,86,94
S20230425C007_M,S20230425,C007,60,2024-09-14T16:00:00.000Z,73,59
S20230425C008,S20230425,C008,97,2024-06-19T16:00:00.000Z,90,97
S20230425C002,S20230425,C002,46,2024-06-19T16:00:00.000Z,83,46
S20230425C006,S20230425,C006,65,2024-06-19T16:00:00.000Z,81,65
S20230426C001,S20230426,C001,93,2024-06-19T16:00:00.000Z,93,93
S20230426C003,S20230426,C003,81,2024-06-19T16:00:00.000Z,75,81
S20230426C004,S20230426,C004,66,2024-06-19T16:00:00.000Z,96,66
S20230426C005,S20230426,C005,83,2024-06-19T16:00:00.000Z,96,83
S20230426C007,S20230426,C007,72,2024-06-19T16:00:00.000Z,76,72
S20230426C008,S20230426,C008,69,2024-06-19T16:00:00.000Z,71,69
S20230426C002,S20230426,C002,62,2024-06-19T16:00:00.000Z,89,62
S20230427C001,S20230427,C001,66,2024-06-19T16:00:00.000Z,73,66
S20230427C003,S20230427,C003,69,2024-06-19T16:00:00.000Z,99,69
S20230427C004,S20230427,C004,70,2024-06-19T16:00:00.000Z,81,70
S20230427C005,S20230427,C005,70,2024-06-19T16:00:00.000Z,93,70
S20230427C007,S20230427,C007,70,2024-06-19T16:00:00.000Z,93,70
S20230427C008,S20230427,C008,99,2024-06-19T16:00:00.000Z,86,99
S20230427C002,S20230427,C002,86,2024-06-19T16:00:00.000Z,100,86
S20230428C001,S20230428,C001,60,2024-06-19T16:00:00.000Z,70,60
S20230428C003,S20230428,C003,67,2024-06-19T16:00:00.000Z,71,67
S20230428C004,S20230428,C004,69,2024-06-19T16:00:00.000Z,87,69
S20230428C005,S20230428,C005,84,2024-06-19T16:00:00.000Z,88,84
S20230428C007,S20230428,C007,69,2024-06-19T16:00:00.000Z,86,69
S20230428C008,S20230428,C008,82,2024-06-19T16:00:00.000Z,88,82
S20230428C002,S20230428,C002,64,2024-06-19T16:00:00.000Z,88,64
S20230429C001,S20230429,C001,81,2024-06-19T16:00:00.000Z,78,81
S20230429C003,S20230429,C003,74,2024-06-19T16:00:00.000Z,85,74
S20230429C004,S20230429,C004,96,2024-06-19T16:00:00.000Z,83,96
S20230429C005,S20230429,C005,61,2024-06-19T16:00:00.000Z,90,61
S20230429C007,S20230429,C007,73,2024-06-19T16:00:00.000Z,83,73
S20230429C008,S20230429,C008,61,2024-06-19T16:00:00.000Z,73,61
S20230429C002,S20230429,C002,66,2024-06-19T16:00:00.000Z,78,66
S20230430C001,S20230430,C001,78,2024-06-19T16:00:00.000Z,96,78
S20230430C003,S20230430,C003,67,2024-06-19T16:00:00.000Z,74,67
S20230430C004,S20230430,C004,78,2024-06-19T16:00:00.000Z,78,78
S20230430C005,S20230430,C005,78,2024-06-19T16:00:00.000Z,98,78
S20230430C007,S20230430,C007,64,2024-06-19T16:00:00.000Z,96,64
S20230430C008,S20230430,C008,97,2024-06-19T16:00:00.000Z,95,97
S20230430C002,S20230430,C002,76,2024-06-19T16:00:00.000Z,87,76
S20230431C001,S20230431,C001,38,2024-06-19T16:00:00.000Z,70,38
S20230431C003,S20230431,C003,97,2024-06-19T16:00:00.000Z,86,97
S20230431C004,S20230431,C004,85,2024-06-19T16:00:00.000Z,97,85
S20230431C005,S20230431,C005,94,2024-06-19T16:00:00.000Z,92,94
S20230431C007,S20230431,C007,85,2024-06-19T16:00:00.000Z,96,85
S20230431C008,S20230431,C008,92,2024-06-19T16:00:00.000Z,87,92
S20230431C002,S20230431,C002,61,2024-06-19T16:00:00.000Z,82,61
S20230431C006,S20230431,C006,71,2024-06-19T16:00:00.000Z,75,71
S20230432C001,S20230432,C001,77,2024-06-19T16:00:00.000Z,86,77
S20230432C003,S20230432,C003,31,2024-06-19T16:00:00.000Z,100,31
S20230432C004,S20230432,C004,74,2024-06-19T16:00:00.000Z,82,74
S20230432C005,S20230432,C005,67,2024-06-19T16:00:00.000Z,92,67
S20230432C007,S20230432,C007,87,2024-06-19T16:00:00.000Z,92,87
S20230432C008,S20230432,C008,86,2024-06-19T16:00:00.000Z,87,86
S20230432C002,S20230432,C002,73,2024-06-19T16:00:00.000Z,90,73
S20230501C001,S20230501,C001,77,2024-06-19T16:00:00.000Z,96,77
S20230501C003,S20230501,C003,71,2024-06-19T16:00:00.000Z,99,71
S20230501C004,S20230501,C004,93,2024-06-19T16:00:00.000Z,89,93
S20230501C005,S20230501,C005,80,2024-06-19T16:00:00.000Z,77,80
S20230501C007,S20230501,C007,84,2024-06-19T16:00:00.000Z,96,84
S20230501C008,S20230501,C008,78,2024-06-19T16:00:00.000Z,94,78
S20230501C002,S20230501,C002,70,2024-06-19T16:00:00.000Z,91,70
S20230502C001,S20230502,C001,75,2024-06-19T16:00:00.000Z,71,75
S20230502C003,S20230502,C003,98,2024-06-19T16:00:00.000Z,74,98
S20230502C004,S20230502,C004,91,2024-06-19T16:00:00.000Z,75,91
S20230502C005,S20230502,C005,87,2024-06-19T16:00:00.000Z,72,87
S20230502C007,S20230502,C007,76,2024-06-19T16:00:00.000Z,99,76
S20230502C008,S20230502,C008,88,2024-06-19T16:00:00.000Z,82,88
S20230502C002,S20230502,C002,33,2024-06-19T16:00:00.000Z,92,33
S20230503C001,S20230503,C001,88,2024-06-19T16:00:00.000Z,98,88
S20230503C003,S20230503,C003,100,2024-06-19T16:00:00.000Z,77,100
S20230503C004,S20230503,C004,90,2024-06-19T16:00:00.000Z,94,90
S20230503C005,S20230503,C005,82,2024-06-19T16:00:00.000Z,83,82
S20230503C007,S20230503,C007,32,2024-06-19T16:00:00.000Z,75,32
S20230503C008,S20230503,C008,94,2024-06-19T16:00:00.000Z,74,94
S20230503C002,S20230503,C002,90,2024-06-19T16:00:00.000Z,99,90
S20230504C001,S20230504,C001,97,2024-06-19T16:00:00.000Z,98,97
S20230504C003,S20230504,C003,98,2024-06-19T16:00:00.000Z,88,98
S20230504C004,S20230504,C004,81,2024-06-19T16:00:00.000Z,97,81
S20230504C005,S20230504,C005,67,2024-06-19T16:00:00.000Z,94,67
S20230504C007,S20230504,C007,74,2024-06-19T16:00:00.000Z,92,74
S20230504C008,S20230504,C008,82,2024-06-19T16:00:00.000Z,99,82
S20230504C002,S20230504,C002,67,2024-06-19T16:00:00.000Z,98,67
S20230505C001,S20230505,C001,87,2024-06-19T16:00:00.000Z,75,87
S20230505C003,S20230505,C003,79,2024-06-19T16:00:00.000Z,92,79
S20230505C004,S20230505,C004,92,2024-06-19T16:00:00.000Z,92,92
S20230505C005,S20230505,C005,94,2024-06-19T16:00:00.000Z,88,94
S20230505C007,S20230505,C007,75,2024-06-19T16:00:00.000Z,78,75
S20230505C008,S20230505,C008,68,2024-06-19T16:00:00.000Z,94,68
S20230505C002,S20230505,C002,90,2024-06-19T16:00:00.000Z,99,90
S20230505C006,S20230505,C006,90,2024-06-19T16:00:00.000Z,71,90
S20230506C001,S20230506,C001,94,2024-06-19T16:00:00.000Z,87,94
S20230506C001_M,S20230506,C001,60,2024-09-14T16:00:00.000Z,96,87
S20230506C003,S20230506,C003,65,2024-06-19T16:00:00.000Z,94,65
S20230506C003_M,S20230506,C003,60,2024-09-14T16:00:00.000Z,100,88
S20230506C004,S20230506,C004,75,2024-06-19T16:00:00.000Z,78,75
S20230506C005,S20230506,C005,62,2024-06-19T16:00:00.000Z,89,62
S20230506C007,S20230506,C007,66,2024-06-19T16:00:00.000Z,95,66
S20230506C007_M,S20230506,C007,60,2024-09-14T16:00:00.000Z,79,77
S20230506C008,S20230506,C008,91,2024-06-19T16:00:00.000Z,83,91
S20230506C002,S20230506,C002,46,2024-06-19T16:00:00.000Z,79,46
S20230507C001,S20230507,C001,60,2024-06-19T16:00:00.000Z,89,60
S20230507C003,S20230507,C003,86,2024-06-19T16:00:00.000Z,94,86
S20230507C004,S20230507,C004,65,2024-06-19T16:00:00.000Z,84,65
S20230507C005,S20230507,C005,71,2024-06-19T16:00:00.000Z,72,71
S20230507C007,S20230507,C007,89,2024-06-19T16:00:00.000Z,73,89
S20230507C008,S20230507,C008,87,2024-06-19T16:00:00.000Z,93,87
S20230507C002,S20230507,C002,63,2024-06-19T16:00:00.000Z,83,63
S20230507C006,S20230507,C006,82,2024-06-19T16:00:00.000Z,84,82
S20230508C001,S20230508,C001,73,2024-06-19T16:00:00.000Z,95,73
S20230508C003,S20230508,C003,65,2024-06-19T16:00:00.000Z,86,65
S20230508C004,S20230508,C004,63,2024-06-19T16:00:00.000Z,97,63
S20230508C005,S20230508,C005,96,2024-06-19T16:00:00.000Z,93,96
S20230508C007,S20230508,C007,70,2024-06-19T16:00:00.000Z,79,70
S20230508C008,S20230508,C008,94,2024-06-19T16:00:00.000Z,76,94
S20230508C002,S20230508,C002,49,2024-06-19T16:00:00.000Z,88,49
S20230508C006,S20230508,C006,60,2024-06-19T16:00:00.000Z,82,60
S20230509C001,S20230509,C001,97,2024-06-19T16:00:00.000Z,92,97
S20230509C003,S20230509,C003,31,2024-06-19T16:00:00.000Z,94,31
S20230509C004,S20230509,C004,46,2024-06-19T16:00:00.000Z,86,46
S20230509C005,S20230509,C005,95,2024-06-19T16:00:00.000Z,86,95
S20230509C007,S20230509,C007,66,2024-06-19T16:00:00.000Z,86,66
S20230509C008,S20230509,C008,71,2024-06-19T16:00:00.000Z,98,71
S20230509C002,S20230509,C002,69,2024-06-19T16:00:00.000Z,73,69
S20230509C006,S20230509,C006,73,2024-06-19T16:00:00.000Z,70,73
S20230510C001,S20230510,C001,61,2024-06-19T16:00:00.000Z,70,61
S20230510C003,S20230510,C003,90,2024-06-19T16:00:00.000Z,78,90
S20230510C004,S20230510,C004,54,2024-06-19T16:00:00.000Z,75,54
S20230510C005,S20230510,C005,78,2024-06-19T16:00:00.000Z,79,78
S20230510C007,S20230510,C007,65,2024-06-19T16:00:00.000Z,75,65
S20230510C008,S20230510,C008,30,2024-06-19T16:00:00.000Z,90,30
S20230510C002,S20230510,C002,75,2024-06-19T16:00:00.000Z,94,75
S20230510C006,S20230510,C006,86,2024-06-19T16:00:00.000Z,71,86
S20230511C001,S20230511,C001,82,2024-06-19T16:00:00.000Z,89,82
S20230511C003,S20230511,C003,64,2024-06-19T16:00:00.000Z,91,64
S20230511C004,S20230511,C004,71,2024-06-19T16:00:00.000Z,72,71
S20230511C005,S20230511,C005,83,2024-06-19T16:00:00.000Z,77,83
S20230511C007,S20230511,C007,96,2024-06-19T16:00:00.000Z,81,96
S20230511C008,S20230511,C008,41,2024-06-19T16:00:00.000Z,96,41
S20230511C002,S20230511,C002,89,2024-06-19T16:00:00.000Z,71,89
S20230512C001,S20230512,C001,62,2024-06-19T16:00:00.000Z,96,62
S20230512C003,S20230512,C003,74,2024-06-19T16:00:00.000Z,93,74
S20230512C004,S20230512,C004,89,2024-06-19T16:00:00.000Z,96,89
S20230512C005,S20230512,C005,70,2024-06-19T16:00:00.000Z,74,70
S20230512C007,S20230512,C007,85,2024-06-19T16:00:00.000Z,71,85
S20230512C008,S20230512,C008,62,2024-06-19T16:00:00.000Z,83,62
S20230512C002,S20230512,C002,83,2024-06-19T16:00:00.000Z,77,83
S20230513C001,S20230513,C001,96,2024-06-19T16:00:00.000Z,86,96
S20230513C003,S20230513,C003,66,2024-06-19T16:00:00.000Z,99,66
S20230513C004,S20230513,C004,64,2024-06-19T16:00:00.000Z,91,64
S20230513C005,S20230513,C005,79,2024-06-19T16:00:00.000Z,100,79
S20230513C007,S20230513,C007,79,2024-06-19T16:00:00.000Z,80,79
S20230513C008,S20230513,C008,93,2024-06-19T16:00:00.000Z,96,93
S20230513C002,S20230513,C002,49,2024-06-19T16:00:00.000Z,90,49
S20230513C006,S20230513,C006,99,2024-06-19T16:00:00.000Z,99,99
S20230514C001,S20230514,C001,71,2024-06-19T16:00:00.000Z,83,71
S20230514C003,S20230514,C003,71,2024-06-19T16:00:00.000Z,79,71
S20230514C004,S20230514,C004,60,2024-06-19T16:00:00.000Z,73,60
S20230514C005,S20230514,C005,48,2024-06-19T16:00:00.000Z,94,48
S20230514C007,S20230514,C007,77,2024-06-19T16:00:00.000Z,80,77
S20230514C008,S20230514,C008,74,2024-06-19T16:00:00.000Z,75,74
S20230514C002,S20230514,C002,80,2024-06-19T16:00:00.000Z,97,80
S20230514C006,S20230514,C006,79,2024-06-19T16:00:00.000Z,89,79
S20230515C001,S20230515,C001,98,2024-06-19T16:00:00.000Z,100,98
S20230515C003,S20230515,C003,91,2024-06-19T16:00:00.000Z,78,91
S20230515C004,S20230515,C004,60,2024-06-19T16:00:00.000Z,75,60
S20230515C005,S20230515,C005,60,2024-06-19T16:00:00.000Z,81,60
S20230515C007,S20230515,C007,96,2024-06-19T16:00:00.000Z,79,96
S20230515C008,S20230515,C008,79,2024-06-19T16:00:00.000Z,82,79
S20230515C002,S20230515,C002,81,2024-06-19T16:00:00.000Z,70,81
S20230515C006,S20230515,C006,65,2024-06-19T16:00:00.000Z,100,65
S20230516C001,S20230516,C001,90,2024-06-19T16:00:00.000Z,97,90
S20230516C003,S20230516,C003,92,2024-06-19T16:00:00.000Z,89,92
S20230516C004,S20230516,C004,76,2024-06-19T16:00:00.000Z,93,76
S20230516C005,S20230516,C005,79,2024-06-19T16:00:00.000Z,94,79
S20230516C007,S20230516,C007,99,2024-06-19T16:00:00.000Z,98,99
S20230516C008,S20230516,C008,66,2024-06-19T16:00:00.000Z,78,66
S20230516C002,S20230516,C002,64,2024-06-19T16:00:00.000Z,81,64
S20230516C006,S20230516,C006,65,2024-06-19T16:00:00.000Z,97,65
S20230517C001,S20230517,C001,72,2024-06-19T16:00:00.000Z,100,72
S20230517C003,S20230517,C003,90,2024-06-19T16:00:00.000Z,95,90
S20230517C004,S20230517,C004,89,2024-06-19T16:00:00.000Z,82,89
S20230517C005,S20230517,C005,74,2024-06-19T16:00:00.000Z,97,74
S20230517C007,S20230517,C007,63,2024-06-19T16:00:00.000Z,93,63
S20230517C008,S20230517,C008,50,2024-06-19T16:00:00.000Z,93,50
S20230517C002,S20230517,C002,71,2024-06-19T16:00:00.000Z,97,71
S20230518C001,S20230518,C001,79,2024-06-19T16:00:00.000Z,73,79
S20230518C003,S20230518,C003,95,2024-06-19T16:00:00.000Z,70,95
S20230518C004,S20230518,C004,81,2024-06-19T16:00:00.000Z,83,81
S20230518C005,S20230518,C005,92,2024-06-19T16:00:00.000Z,82,92
S20230518C007,S20230518,C007,45,2024-06-19T16:00:00.000Z,74,45
S20230518C008,S20230518,C008,100,2024-06-19T16:00:00.000Z,99,100
S20230518C002,S20230518,C002,70,2024-06-19T16:00:00.000Z,71,70
S20230519C001,S20230519,C001,88,2024-06-19T16:00:00.000Z,74,88
S20230519C003,S20230519,C003,98,2024-06-19T16:00:00.000Z,74,98
S20230519C004,S20230519,C004,43,2024-06-19T16:00:00.000Z,80,43
S20230519C005,S20230519,C005,99,2024-06-19T16:00:00.000Z,82,99
S20230519C007,S20230519,C007,75,2024-06-19T16:00:00.000Z,97,75
S20230519C008,S20230519,C008,85,2024-06-19T16:00:00.000Z,77,85
S20230519C002,S20230519,C002,93,2024-06-19T16:00:00.000Z,82,93
S20230520C001,S20230520,C001,73,2024-06-19T16:00:00.000Z,98,73
S20230520C003,S20230520,C003,66,2024-06-19T16:00:00.000Z,93,66
S20230520C004,S20230520,C004,91,2024-06-19T16:00:00.000Z,96,91
S20230520C005,S20230520,C005,44,2024-06-19T16:00:00.000Z,89,44
S20230520C007,S20230520,C007,97,2024-06-19T16:00:00.000Z,72,97
S20230520C008,S20230520,C008,66,2024-06-19T16:00:00.000Z,73,66
S20230520C002,S20230520,C002,72,2024-06-19T16:00:00.000Z,90,72
S20230521C001,S20230521,C001,88,2024-06-19T16:00:00.000Z,82,88
S20230521C003,S20230521,C003,69,2024-06-19T16:00:00.000Z,82,69
S20230521C004,S20230521,C004,98,2024-06-19T16:00:00.000Z,82,98
S20230521C005,S20230521,C005,71,2024-06-19T16:00:00.000Z,77,71
S20230521C007,S20230521,C007,92,2024-06-19T16:00:00.000Z,87,92
S20230521C008,S20230521,C008,96,2024-06-19T16:00:00.000Z,86,96
S20230521C002,S20230521,C002,93,2024-06-19T16:00:00.000Z,74,93
S20230522C001,S20230522,C001,34,2024-06-19T16:00:00.000Z,96,34
S20230522C003,S20230522,C003,89,2024-06-19T16:00:00.000Z,95,89
S20230522C004,S20230522,C004,77,2024-06-19T16:00:00.000Z,86,77
S20230522C005,S20230522,C005,90,2024-06-19T16:00:00.000Z,97,90
S20230522C007,S20230522,C007,66,2024-06-19T16:00:00.000Z,94,66
S20230522C008,S20230522,C008,98,2024-06-19T16:00:00.000Z,76,98
S20230522C002,S20230522,C002,42,2024-06-19T16:00:00.000Z,81,42
S20230523C001,S20230523,C001,83,2024-06-19T16:00:00.000Z,81,83
S20230523C003,S20230523,C003,72,2024-06-19T16:00:00.000Z,73,72
S20230523C004,S20230523,C004,38,2024-06-19T16:00:00.000Z,91,38
S20230523C005,S20230523,C005,64,2024-06-19T16:00:00.000Z,78,64
S20230523C007,S20230523,C007,81,2024-06-19T16:00:00.000Z,95,81
S20230523C008,S20230523,C008,86,2024-06-19T16:00:00.000Z,79,86
S20230523C002,S20230523,C002,90,2024-06-19T16:00:00.000Z,92,90
S20230524C001,S20230524,C001,77,2024-06-19T16:00:00.000Z,83,77
S20230524C003,S20230524,C003,76,2024-06-19T16:00:00.000Z,97,76
S20230524C004,S20230524,C004,91,2024-06-19T16:00:00.000Z,99,91
S20230524C005,S20230524,C005,50,2024-06-19T16:00:00.000Z,98,50
S20230524C007,S20230524,C007,33,2024-06-19T16:00:00.000Z,99,33
S20230524C008,S20230524,C008,61,2024-06-19T16:00:00.000Z,88,61
S20230524C002,S20230524,C002,91,2024-06-19T16:00:00.000Z,77,91
S20230524C006,S20230524,C006,33,2024-06-19T16:00:00.000Z,74,33
S20230525C001,S20230525,C001,88,2024-06-19T16:00:00.000Z,83,88
S20230525C003,S20230525,C003,69,2024-06-19T16:00:00.000Z,92,69
S20230525C004,S20230525,C004,85,2024-06-19T16:00:00.000Z,95,85
S20230525C005,S20230525,C005,95,2024-06-19T16:00:00.000Z,76,95
S20230525C007,S20230525,C007,38,2024-06-19T16:00:00.000Z,74,38
S20230525C008,S20230525,C008,86,2024-06-19T16:00:00.000Z,97,86
S20230525C002,S20230525,C002,95,2024-06-19T16:00:00.000Z,89,95
S20230601C001,S20230601,C001,91,2024-06-19T16:00:00.000Z,90,91
S20230601C003,S20230601,C003,100,2024-06-19T16:00:00.000Z,84,100
S20230601C004,S20230601,C004,78,2024-06-19T16:00:00.000Z,84,78
S20230601C005,S20230601,C005,70,2024-06-19T16:00:00.000Z,77,70
S20230601C007,S20230601,C007,88,2024-06-19T16:00:00.000Z,93,88
S20230601C008,S20230601,C008,71,2024-06-19T16:00:00.000Z,85,71
S20230601C002,S20230601,C002,74,2024-06-19T16:00:00.000Z,79,74
S20230602C001,S20230602,C001,77,2024-06-19T16:00:00.000Z,95,77
S20230602C003,S20230602,C003,73,2024-06-19T16:00:00.000Z,96,73
S20230602C004,S20230602,C004,95,2024-06-19T16:00:00.000Z,91,95
S20230602C005,S20230602,C005,93,2024-06-19T16:00:00.000Z,72,93
S20230602C007,S20230602,C007,87,2024-06-19T16:00:00.000Z,91,87
S20230602C008,S20230602,C008,83,2024-06-19T16:00:00.000Z,74,83
S20230602C002,S20230602,C002,59,2024-06-19T16:00:00.000Z,74,59
S20230602C006,S20230602,C006,57,2024-06-19T16:00:00.000Z,74,57
S20230603C001,S20230603,C001,35,2024-06-19T16:00:00.000Z,86,35
S20230603C003,S20230603,C003,66,2024-06-19T16:00:00.000Z,95,66
S20230603C004,S20230603,C004,97,2024-06-19T16:00:00.000Z,73,97
S20230603C005,S20230603,C005,83,2024-06-19T16:00:00.000Z,94,83
S20230603C007,S20230603,C007,44,2024-06-19T16:00:00.000Z,72,44
S20230603C008,S20230603,C008,85,2024-06-19T16:00:00.000Z,71,85
S20230603C002,S20230603,C002,88,2024-06-19T16:00:00.000Z,91,88
S20230604C001,S20230604,C001,77,2024-06-19T16:00:00.000Z,94,77
S20230604C003,S20230604,C003,75,2024-06-19T16:00:00.000Z,72,75
S20230604C004,S20230604,C004,69,2024-06-19T16:00:00.000Z,97,69
S20230604C005,S20230604,C005,66,2024-06-19T16:00:00.000Z,96,66
S20230604C007,S20230604,C007,67,2024-06-19T16:00:00.000Z,84,67
S20230604C008,S20230604,C008,62,2024-06-19T16:00:00.000Z,70,62
S20230604C002,S20230604,C002,61,2024-06-19T16:00:00.000Z,93,61
S20230605C001,S20230605,C001,92,2024-06-19T16:00:00.000Z,73,92
S20230605C001_M,S20230605,C001,60,2024-09-14T16:00:00.000Z,85,74
S20230605C003,S20230605,C003,68,2024-06-19T16:00:00.000Z,76,68
S20230605C003_M,S20230605,C003,60,2024-09-14T16:00:00.000Z,82,79
S20230605C004,S20230605,C004,84,2024-06-19T16:00:00.000Z,81,84
S20230605C005,S20230605,C005,62,2024-06-19T16:00:00.000Z,97,62
S20230605C007,S20230605,C007,79,2024-06-19T16:00:00.000Z,91,79
S20230605C007_M,S20230605,C007,60,2024-09-14T16:00:00.000Z,79,89
S20230605C008,S20230605,C008,67,2024-06-19T16:00:00.000Z,79,67
S20230605C002,S20230605,C002,68,2024-06-19T16:00:00.000Z,83,68
S20230606C001,S20230606,C001,82,2024-06-19T16:00:00.000Z,75,82
S20230606C003,S20230606,C003,65,2024-06-19T16:00:00.000Z,99,65
S20230606C004,S20230606,C004,73,2024-06-19T16:00:00.000Z,90,73
S20230606C005,S20230606,C005,91,2024-06-19T16:00:00.000Z,72,91
S20230606C007,S20230606,C007,60,2024-06-19T16:00:00.000Z,92,60
S20230606C008,S20230606,C008,73,2024-06-19T16:00:00.000Z,89,73
S20230606C002,S20230606,C002,88,2024-06-19T16:00:00.000Z,74,88
S20230607C001,S20230607,C001,70,2024-06-19T16:00:00.000Z,85,70
S20230607C003,S20230607,C003,73,2024-06-19T16:00:00.000Z,87,73
S20230607C004,S20230607,C004,82,2024-06-19T16:00:00.000Z,76,82
S20230607C005,S20230607,C005,85,2024-06-19T16:00:00.000Z,71,85
S20230607C007,S20230607,C007,80,2024-06-19T16:00:00.000Z,70,80
S20230607C008,S20230607,C008,100,2024-06-19T16:00:00.000Z,82,100
S20230607C002,S20230607,C002,62,2024-06-19T16:00:00.000Z,87,62
S20230608C001,S20230608,C001,57,2024-06-19T16:00:00.000Z,93,57
S20230608C003,S20230608,C003,90,2024-06-19T16:00:00.000Z,94,90
S20230608C004,S20230608,C004,99,2024-06-19T16:00:00.000Z,98,99
S20230608C005,S20230608,C005,74,2024-06-19T16:00:00.000Z,98,74
S20230608C007,S20230608,C007,84,2024-06-19T16:00:00.000Z,86,84
S20230608C008,S20230608,C008,85,2024-06-19T16:00:00.000Z,83,85
S20230608C002,S20230608,C002,69,2024-06-19T16:00:00.000Z,74,69
S20230609C001,S20230609,C001,71,2024-06-19T16:00:00.000Z,81,71
S20230609C003,S20230609,C003,71,2024-06-19T16:00:00.000Z,71,71
S20230609C004,S20230609,C004,39,2024-06-19T16:00:00.000Z,82,39
S20230609C005,S20230609,C005,63,2024-06-19T16:00:00.000Z,76,63
S20230609C007,S20230609,C007,97,2024-06-19T16:00:00.000Z,79,97
S20230609C008,S20230609,C008,64,2024-06-19T16:00:00.000Z,80,64
S20230609C002,S20230609,C002,100,2024-06-19T16:00:00.000Z,89,100
S20230610C001,S20230610,C001,61,2024-06-19T16:00:00.000Z,86,61
S20230610C003,S20230610,C003,77,2024-06-19T16:00:00.000Z,77,77
S20230610C004,S20230610,C004,77,2024-06-19T16:00:00.000Z,84,77
S20230610C005,S20230610,C005,99,2024-06-19T16:00:00.000Z,77,99
S20230610C007,S20230610,C007,88,2024-06-19T16:00:00.000Z,92,88
S20230610C008,S20230610,C008,80,2024-06-19T16:00:00.000Z,77,80
S20230610C002,S20230610,C002,85,2024-06-19T16:00:00.000Z,75,85
S20230610C006,S20230610,C006,89,2024-06-19T16:00:00.000Z,75,89
S20230611C001,S20230611,C001,67,2024-06-19T16:00:00.000Z,89,67
S20230611C003,S20230611,C003,68,2024-06-19T16:00:00.000Z,83,68
S20230611C004,S20230611,C004,74,2024-06-19T16:00:00.000Z,85,74
S20230611C005,S20230611,C005,67,2024-06-19T16:00:00.000Z,74,67
S20230611C007,S20230611,C007,95,2024-06-19T16:00:00.000Z,96,95
S20230611C008,S20230611,C008,77,2024-06-19T16:00:00.000Z,70,77
S20230611C002,S20230611,C002,86,2024-06-19T16:00:00.000Z,86,86
S20230611C006,S20230611,C006,81,2024-06-19T16:00:00.000Z,83,81
S20230612C001,S20230612,C001,90,2024-06-19T16:00:00.000Z,92,90
S20230612C003,S20230612,C003,72,2024-06-19T16:00:00.000Z,70,72
S20230612C004,S20230612,C004,93,2024-06-19T16:00:00.000Z,88,93
S20230612C005,S20230612,C005,100,2024-06-19T16:00:00.000Z,85,100
S20230612C007,S20230612,C007,59,2024-06-19T16:00:00.000Z,90,59
S20230612C008,S20230612,C008,100,2024-06-19T16:00:00.000Z,87,100
S20230612C002,S20230612,C002,78,2024-06-19T16:00:00.000Z,94,78
S20230612C006,S20230612,C006,68,2024-06-19T16:00:00.000Z,73,68
S20230613C001,S20230613,C001,89,2024-06-19T16:00:00.000Z,80,89
S20230613C003,S20230613,C003,64,2024-06-19T16:00:00.000Z,92,64
S20230613C004,S20230613,C004,80,2024-06-19T16:00:00.000Z,88,80
S20230613C005,S20230613,C005,92,2024-06-19T16:00:00.000Z,91,92
S20230613C007,S20230613,C007,53,2024-06-19T16:00:00.000Z,94,53
S20230613C008,S20230613,C008,85,2024-06-19T16:00:00.000Z,93,85
S20230613C002,S20230613,C002,86,2024-06-19T16:00:00.000Z,77,86
S20230614C001,S20230614,C001,88,2024-06-19T16:00:00.000Z,74,88
S20230614C003,S20230614,C003,70,2024-06-19T16:00:00.000Z,80,70
S20230614C004,S20230614,C004,92,2024-06-19T16:00:00.000Z,82,92
S20230614C005,S20230614,C005,76,2024-06-19T16:00:00.000Z,97,76
S20230614C007,S20230614,C007,63,2024-06-19T16:00:00.000Z,98,63
S20230614C008,S20230614,C008,70,2024-06-19T16:00:00.000Z,72,70
S20230614C002,S20230614,C002,88,2024-06-19T16:00:00.000Z,97,88
S20230614C006,S20230614,C006,92,2024-06-19T16:00:00.000Z,75,92
S20230615C001,S20230615,C001,85,2024-06-19T16:00:00.000Z,70,85
S20230615C003,S20230615,C003,51,2024-06-19T16:00:00.000Z,100,51
S20230615C004,S20230615,C004,95,2024-06-19T16:00:00.000Z,93,95
S20230615C005,S20230615,C005,92,2024-06-19T16:00:00.000Z,87,92
S20230615C007,S20230615,C007,83,2024-06-19T16:00:00.000Z,99,83
S20230615C008,S20230615,C008,44,2024-06-19T16:00:00.000Z,95,44
S20230615C002,S20230615,C002,86,2024-06-19T16:00:00.000Z,84,86
S20230616C001,S20230616,C001,66,2024-06-19T16:00:00.000Z,92,66
S20230616C003,S20230616,C003,32,2024-06-19T16:00:00.000Z,84,32
S20230616C004,S20230616,C004,75,2024-06-19T16:00:00.000Z,78,75
S20230616C005,S20230616,C005,57,2024-06-19T16:00:00.000Z,79,57
S20230616C007,S20230616,C007,76,2024-06-19T16:00:00.000Z,95,76
S20230616C008,S20230616,C008,94,2024-06-19T16:00:00.000Z,100,94
S20230616C002,S20230616,C002,75,2024-06-19T16:00:00.000Z,83,75
S20230616C006,S20230616,C006,83,2024-06-19T16:00:00.000Z,88,83
S20230617C001,S20230617,C001,98,2024-06-19T16:00:00.000Z,95,98
S20230617C003,S20230617,C003,83,2024-06-19T16:00:00.000Z,88,83
S20230617C004,S20230617,C004,93,2024-06-19T16:00:00.000Z,82,93
S20230617C005,S20230617,C005,84,2024-06-19T16:00:00.000Z,79,84
S20230617C007,S20230617,C007,93,2024-06-19T16:00:00.000Z,82,93
S20230617C008,S20230617,C008,84,2024-06-19T16:00:00.000Z,91,84
S20230617C002,S20230617,C002,39,2024-06-19T16:00:00.000Z,71,39
S20230618C001,S20230618,C001,89,2024-06-19T16:00:00.000Z,88,89
S20230618C003,S20230618,C003,67,2024-06-19T16:00:00.000Z,72,67
S20230618C004,S20230618,C004,71,2024-06-19T16:00:00.000Z,79,71
S20230618C005,S20230618,C005,53,2024-06-19T16:00:00.000Z,70,53
S20230618C007,S20230618,C007,73,2024-06-19T16:00:00.000Z,70,73
S20230618C008,S20230618,C008,100,2024-06-19T16:00:00.000Z,87,100
S20230618C002,S20230618,C002,62,2024-06-19T16:00:00.000Z,78,62
S20230618C006,S20230618,C006,75,2024-06-19T16:00:00.000Z,90,75
S20230619C001,S20230619,C001,83,2024-06-19T16:00:00.000Z,93,83
S20230619C003,S20230619,C003,88,2024-06-19T16:00:00.000Z,82,88
S20230619C004,S20230619,C004,54,2024-06-19T16:00:00.000Z,72,54
S20230619C005,S20230619,C005,48,2024-06-19T16:00:00.000Z,72,48
S20230619C007,S20230619,C007,65,2024-06-19T16:00:00.000Z,82,65
S20230619C008,S20230619,C008,69,2024-06-19T16:00:00.000Z,97,69
S20230619C002,S20230619,C002,77,2024-06-19T16:00:00.000Z,79,77
S20230619C006,S20230619,C006,96,2024-06-19T16:00:00.000Z,94,96
S20230620C001,S20230620,C001,97,2024-06-19T16:00:00.000Z,98,97
S20230620C003,S20230620,C003,51,2024-06-19T16:00:00.000Z,74,51
S20230620C004,S20230620,C004,79,2024-06-19T16:00:00.000Z,83,79
S20230620C005,S20230620,C005,92,2024-06-19T16:00:00.000Z,94,92
S20230620C007,S20230620,C007,80,2024-06-19T16:00:00.000Z,84,80
S20230620C008,S20230620,C008,63,2024-06-19T16:00:00.000Z,95,63
S20230620C002,S20230620,C002,69,2024-06-19T16:00:00.000Z,100,69
S20230621C001,S20230621,C001,92,2024-06-19T16:00:00.000Z,86,92
S20230621C003,S20230621,C003,73,2024-06-19T16:00:00.000Z,79,73
S20230621C004,S20230621,C004,82,2024-06-19T16:00:00.000Z,70,82
S20230621C005,S20230621,C005,85,2024-06-19T16:00:00.000Z,85,85
S20230621C007,S20230621,C007,85,2024-06-19T16:00:00.000Z,99,85
S20230621C008,S20230621,C008,98,2024-06-19T16:00:00.000Z,92,98
S20230621C002,S20230621,C002,96,2024-06-19T16:00:00.000Z,96,96
S20230621C006,S20230621,C006,98,2024-06-19T16:00:00.000Z,77,98
S20230622C001,S20230622,C001,68,2024-06-19T16:00:00.000Z,100,68
S20230622C003,S20230622,C003,93,2024-06-19T16:00:00.000Z,74,93
S20230622C004,S20230622,C004,71,2024-06-19T16:00:00.000Z,99,71
S20230622C005,S20230622,C005,68,2024-06-19T16:00:00.000Z,93,68
S20230622C007,S20230622,C007,94,2024-06-19T16:00:00.000Z,99,94
S20230622C008,S20230622,C008,61,2024-06-19T16:00:00.000Z,89,61
S20230622C002,S20230622,C002,90,2024-06-19T16:00:00.000Z,74,90
S20230622C006,S20230622,C006,61,2024-06-19T16:00:00.000Z,82,61
S20230623C001,S20230623,C001,43,2024-06-19T16:00:00.000Z,73,43
S20230623C003,S20230623,C003,46,2024-06-19T16:00:00.000Z,72,46
S20230623C004,S20230623,C004,100,2024-06-19T16:00:00.000Z,83,100
S20230623C005,S20230623,C005,31,2024-06-19T16:00:00.000Z,98,31
S20230623C007,S20230623,C007,100,2024-06-19T16:00:00.000Z,75,100
S20230623C008,S20230623,C008,67,2024-06-19T16:00:00.000Z,85,67
S20230623C002,S20230623,C002,84,2024-06-19T16:00:00.000Z,89,84
S20230624C001,S20230624,C001,83,2024-06-19T16:00:00.000Z,77,83
S20230624C001_M,S20230624,C001,60,2024-09-14T16:00:00.000Z,99,88
S20230624C003,S20230624,C003,89,2024-06-19T16:00:00.000Z,97,89
S20230624C003_M,S20230624,C003,60,2024-09-14T16:00:00.000Z,75,74
S20230624C004,S20230624,C004,81,2024-06-19T16:00:00.000Z,72,81
S20230624C005,S20230624,C005,94,2024-06-19T16:00:00.000Z,73,94
S20230624C007,S20230624,C007,68,2024-06-19T16:00:00.000Z,70,68
S20230624C007_M,S20230624,C007,60,2024-09-14T16:00:00.000Z,77,70
S20230624C008,S20230624,C008,89,2024-06-19T16:00:00.000Z,83,89
S20230624C002,S20230624,C002,44,2024-06-19T16:00:00.000Z,88,44
S20230624C006,S20230624,C006,81,2024-06-19T16:00:00.000Z,87,81
S20230625C001,S20230625,C001,81,2024-06-19T16:00:00.000Z,80,81
S20230625C003,S20230625,C003,76,2024-06-19T16:00:00.000Z,85,76
S20230625C004,S20230625,C004,100,2024-06-19T16:00:00.000Z,94,100
S20230625C005,S20230625,C005,66,2024-06-19T16:00:00.000Z,100,66
S20230625C007,S20230625,C007,38,2024-06-19T16:00:00.000Z,89,38
S20230625C008,S20230625,C008,99,2024-06-19T16:00:00.000Z,88,99
S20230625C002,S20230625,C002,85,2024-06-19T16:00:00.000Z,79,85
S20230625C006,S20230625,C006,61,2024-06-19T16:00:00.000Z,74,61
S20230626C001,S20230626,C001,91,2024-06-19T16:00:00.000Z,97,91
S20230626C003,S20230626,C003,60,2024-06-19T16:00:00.000Z,88,60
S20230626C004,S20230626,C004,64,2024-06-19T16:00:00.000Z,81,64
S20230626C005,S20230626,C005,65,2024-06-19T16:00:00.000Z,89,65
S20230626C007,S20230626,C007,95,2024-06-19T16:00:00.000Z,87,95
S20230626C008,S20230626,C008,88,2024-06-19T16:00:00.000Z,80,88
S20230626C002,S20230626,C002,80,2024-06-19T16:00:00.000Z,83,80
S20230626C006,S20230626,C006,83,2024-06-19T16:00:00.000Z,100,83
S20230627C001,S20230627,C001,84,2024-06-19T16:00:00.000Z,82,84
S20230627C003,S20230627,C003,67,2024-06-19T16:00:00.000Z,86,67
S20230627C004,S20230627,C004,95,2024-06-19T16:00:00.000Z,72,95
S20230627C005,S20230627,C005,75,2024-06-19T16:00:00.000Z,88,75
S20230627C007,S20230627,C007,77,2024-06-19T16:00:00.000Z,96,77
S20230627C008,S20230627,C008,87,2024-06-19T16:00:00.000Z,78,87
S20230627C002,S20230627,C002,55,2024-06-19T16:00:00.000Z,92,55
S20230627C006,S20230627,C006,94,2024-06-19T16:00:00.000Z,95,94
S20230628C001,S20230628,C001,64,2024-06-19T16:00:00.000Z,70,64
S20230628C003,S20230628,C003,95,2024-06-19T16:00:00.000Z,89,95
S20230628C004,S20230628,C004,30,2024-06-19T16:00:00.000Z,71,30
S20230628C005,S20230628,C005,84,2024-06-19T16:00:00.000Z,70,84
S20230628C007,S20230628,C007,75,2024-06-19T16:00:00.000Z,98,75
S20230628C008,S20230628,C008,83,2024-06-19T16:00:00.000Z,98,83
S20230628C002,S20230628,C002,92,2024-06-19T16:00:00.000Z,97,92
S20230628C006,S20230628,C006,91,2024-06-19T16:00:00.000Z,78,91
S20230629C001,S20230629,C001,100,2024-06-19T16:00:00.000Z,100,100
S20230629C003,S20230629,C003,96,2024-06-19T16:00:00.000Z,72,96
S20230629C004,S20230629,C004,95,2024-06-19T16:00:00.000Z,85,95
S20230629C005,S20230629,C005,85,2024-06-19T16:00:00.000Z,85,85
S20230629C007,S20230629,C007,87,2024-06-19T16:00:00.000Z,96,87
S20230629C008,S20230629,C008,84,2024-06-19T16:00:00.000Z,76,84
S20230629C002,S20230629,C002,87,2024-06-19T16:00:00.000Z,93,87
S20230630C001,S20230630,C001,90,2024-06-19T16:00:00.000Z,88,90
S20230630C003,S20230630,C003,68,2024-06-19T16:00:00.000Z,71,68
S20230630C004,S20230630,C004,41,2024-06-19T16:00:00.000Z,73,41
S20230630C005,S20230630,C005,44,2024-06-19T16:00:00.000Z,70,44
S20230630C007,S20230630,C007,96,2024-06-19T16:00:00.000Z,91,96
S20230630C008,S20230630,C008,64,2024-06-19T16:00:00.000Z,71,64
S20230630C002,S20230630,C002,93,2024-06-19T16:00:00.000Z,83,93
S20230630C006,S20230630,C006,48,2024-06-19T16:00:00.000Z,96,48
