_id,name,gender,birthDate,enrollmentDate,classId,contact.phone,contact.email,contact.emergencyContact,address,profile.height,profile.weight,profile.healthStatus
S20230101,马军军,男,2005-01-15T00:00:00.000Z,2023-08-31T16:00:00.000Z,202301,12s5mffy9if,202301_1@school.edu.cn,13xke6zx7a,FeilfortHyatt Mountains 2栋102室,166,59.25293473005468,合格
S20230102,李杰,男,2005-02-15T00:00:00.000Z,2023-08-31T16:00:00.000Z,202301,18hevn9gppc,202301_2@school.edu.cn,13q6szvoua,East WillaLavonne Burg 3栋103室,167,56.77498616503283,合格
S20230103,黄娜,女,2005-03-15T00:00:00.000Z,2023-08-31T16:00:00.000Z,202301,15ttgns3tma,202301_3@school.edu.cn,139xvvijex,Lake ValentineAlbin Manor 4栋104室,158,59.91012813979375,良好
S20230104,马伟,男,2005-04-15T00:00:00.000Z,2023-08-31T16:00:00.000Z,202301,124h9dl6t1j,202301_4@school.edu.cn,131egto4ko,WaukeshaDickinson Villages 5栋105室,169,64.37014150955518,良好
S20230105,李强,男,2005-05-15T00:00:00.000Z,2023-08-31T16:00:00.000Z,202301,170hj3nspxs,202301_5@school.edu.cn,13qq9t2jzn,HarrisburgMorar Plaza 1栋106室,170,53.17293676029986,良好
S20230106,吴娜娜,女,2005-06-15T00:00:00.000Z,2023-08-31T16:00:00.000Z,202301,12q7qxpnepq,202301_6@school.edu.cn,13alzj9l1u,Costa MesaAlexandre Avenue 2栋107室,161,56.61817406926998,优秀
S20230107,胡军军,男,2005-07-15T00:00:00.000Z,2023-08-31T16:00:00.000Z,202301,13pnl865idl,202301_7@school.edu.cn,1394wzwc00,KeelingboroughStamm Burg 3栋108室,172,64.68734221132924,合格
S20230108,徐浩,男,2005-08-15T00:00:00.000Z,2023-08-31T16:00:00.000Z,202301,173vm8mswbv,202301_8@school.edu.cn,13yjyhmu9j,EvelinebergSchowalter Viaduct 4栋109室,173,62.661813783060715,优秀
S20230109,罗雪,女,2005-09-15T00:00:00.000Z,2023-08-31T16:00:00.000Z,202301,110uu4hhtdt,202301_9@school.edu.cn,13l6lhfit0,North ElouiseRae Stravenue 5栋110室,164,53.639027887770865,优秀
S20230110,何强,男,2005-10-15T00:00:00.000Z,2023-08-31T16:00:00.000Z,202301,11ay3osi799,202301_10@school.edu.cn,1321mi3pxk,MissoulaHiram Bypass 1栋101室,175,51.64930072653737,优秀
S20230111,杨强强,男,2005-11-15T00:00:00.000Z,2023-08-31T16:00:00.000Z,202301,129nk6te7q3,202301_11@school.edu.cn,13t8rqzkqq,KenoshaRansom Street 2栋102室,176,53.95577357998559,合格
S20230112,李涵涵,女,2005-12-15T00:00:00.000Z,2023-08-31T16:00:00.000Z,202301,12h35a0ffs0,202301_12@school.edu.cn,13ya4awqlh,LongmontItzel Camp 3栋103室,167,69.48745946967207,良好
S20230113,赵阳,男,2005-12-15T00:00:00.000Z,2023-08-31T16:00:00.000Z,202301,16374igekfw,202301_13@school.edu.cn,139hhb34xx,Lake HelgaburyStroman Shoal 4栋104室,178,57.92770727490372,合格
S20230114,徐阳,男,2005-12-15T00:00:00.000Z,2023-08-31T16:00:00.000Z,202301,11pmkne5fu3,202301_14@school.edu.cn,13rbwmoh27,West LelahmouthMaggio Rapid 5栋105室,179,51.98409050156862,良好
S20230115,徐芳,女,2005-12-15T00:00:00.000Z,2023-08-31T16:00:00.000Z,202301,15c9bxsdelu,202301_15@school.edu.cn,13c05xi191,North KhaliltonLangosh Land 1栋106室,170,54.59089149862351,良好
S20230116,高宇,男,2005-12-15T00:00:00.000Z,2023-08-31T16:00:00.000Z,202301,12cs8uukk59,202301_16@school.edu.cn,13je5keefz,Port BerrychesterFrida Plains 2栋107室,181,57.58303099651956,优秀
S20230117,王宇宇,男,2005-12-15T00:00:00.000Z,2023-08-31T16:00:00.000Z,202301,18exqi635bm,202301_17@school.edu.cn,13nxmxvn73,EzrastadFlorian Lights 3栋108室,182,52.00647790415907,良好
S20230118,赵静静,女,2005-12-15T00:00:00.000Z,2023-08-31T16:00:00.000Z,202301,14xnenluxdr,202301_18@school.edu.cn,13txz1ynwv,New AlejandraburyEdwardo View 4栋109室,173,62.61032381157405,合格
S20230119,何伟,男,2005-12-15T00:00:00.000Z,2023-08-31T16:00:00.000Z,202301,13l5t5dhf68,202301_19@school.edu.cn,13gua79lb6,OttoportMatteo View 5栋110室,184,50.70674706926576,合格
S20230120,吴浩,男,2005-12-15T00:00:00.000Z,2023-08-31T16:00:00.000Z,202301,179dez9aeoh,202301_20@school.edu.cn,13zpsp8tzr,Jurupa ValleyKendrick Trail 1栋101室,185,55.63626843609745,合格
S20230121,黄涵涵,女,2005-12-15T00:00:00.000Z,2023-08-31T16:00:00.000Z,202301,11o3kacs606,202301_21@school.edu.cn,13wp8qoya6,West RussfortCasper Centers 2栋102室,176,59.93937096762413,合格
S20230122,刘强,男,2005-12-15T00:00:00.000Z,2023-08-31T16:00:00.000Z,202301,169hga0lrqi,202301_22@school.edu.cn,1329snpcz0,PerrisHarris Throughway 3栋103室,187,61.46736799075471,优秀
S20230123,周伟,男,2005-12-15T00:00:00.000Z,2023-08-31T16:00:00.000Z,202301,1796ja7vg0j,202301_23@school.edu.cn,13ll42ejw1,North CarlibergHerzog Orchard 4栋104室,188,61.62795957797842,优秀
S20230124,孙娜娜,女,2005-12-15T00:00:00.000Z,2023-08-31T16:00:00.000Z,202301,16j8pljophi,202301_24@school.edu.cn,13z0b0ud4u,ConnlandPattie Avenue 5栋105室,179,58.71891707621362,良好
S20230125,郭杰杰,男,2005-12-15T00:00:00.000Z,2023-08-31T16:00:00.000Z,202301,18vd138w9at,202301_25@school.edu.cn,13pvgkujlk,Carson CityKovacek Ville 1栋106室,190,61.60758089243946,合格
S20230126,黄浩,男,2005-12-15T00:00:00.000Z,2023-08-31T16:00:00.000Z,202301,11ezfi6u6sa,202301_26@school.edu.cn,13fclzweai,RyanfortAdell Park 2栋107室,191,52.17666817033944,优秀
S20230127,吴静,女,2005-12-15T00:00:00.000Z,2023-08-31T16:00:00.000Z,202301,11jh2xn1p92,202301_27@school.edu.cn,13iv7985i8,West MariahQuigley Ville 3栋108室,182,58.01571833933987,优秀
S20230128,胡阳,男,2005-12-15T00:00:00.000Z,2023-08-31T16:00:00.000Z,202301,12pja3ycpy5,202301_28@school.edu.cn,13nytwrz56,ReddingPrecious Canyon 4栋109室,193,58.34243423445486,合格
S20230129,朱强,男,2005-12-15T00:00:00.000Z,2023-08-31T16:00:00.000Z,202301,168le64kg93,202301_29@school.edu.cn,13gy5o5bd8,WinifredfortGodfrey Pines 5栋110室,194,65.37957569855767,优秀
S20230130,罗娜娜,女,2005-12-15T00:00:00.000Z,2023-08-31T16:00:00.000Z,202301,16reh8wwaoi,202301_30@school.edu.cn,13cplxtyq4,AlhambraLockman Roads 1栋101室,185,50.223637821742514,优秀
S20230131,张伟,男,2005-12-15T00:00:00.000Z,2023-08-31T16:00:00.000Z,202301,14mf05iucbn,202301_31@school.edu.cn,13gt2agid4,KeelystadRyan Causeway 2栋102室,196,59.06923417048524,合格
S20230132,高伟伟,男,2005-12-15T00:00:00.000Z,2023-08-31T16:00:00.000Z,202301,1591hr4fkpo,202301_32@school.edu.cn,13z4k13qq3,AnastasiasideWeissnat Garden 3栋103室,197,65.04029775028019,良好
S20230133,朱静,女,2005-12-15T00:00:00.000Z,2023-08-31T16:00:00.000Z,202301,11abjciwzh5,202301_33@school.edu.cn,13x8z6qu7h,Castle RockPaige Rapids 4栋104室,188,65.43222474389447,良好
S20230134,赵明明,男,2005-12-15T00:00:00.000Z,2023-08-31T16:00:00.000Z,202301,13zmcocmi2c,202301_34@school.edu.cn,138xcvuzzq,EricboroughLevi Curve 5栋105室,199,57.74540244599207,良好
S20230135,李强,男,2005-12-15T00:00:00.000Z,2023-08-31T16:00:00.000Z,202301,12tvpy5kucf,202301_35@school.edu.cn,133dznn6k2,New JanieArnulfo Lodge 1栋106室,200,69.22529280676764,合格
S20230201,朱明,男,2005-05-15T00:00:00.000Z,2023-08-31T16:00:00.000Z,202302,11yu1zo56ao,202302_1@school.edu.cn,13v6ov8e5w,CaryO'Reilly Prairie 2栋102室,166,50.59441713384034,良好
S20230202,黄浩浩,男,2005-06-15T00:00:00.000Z,2023-08-31T16:00:00.000Z,202302,143utnc46ed,202302_2@school.edu.cn,133kfayikj,South JaunitalandAgustin Stream 3栋103室,167,51.91464727788566,良好
S20230203,刘欣欣,女,2005-07-15T00:00:00.000Z,2023-08-31T16:00:00.000Z,202302,138m69ctsx1,202302_3@school.edu.cn,1371d13juc,North AntwonbergKling Mission 4栋104室,158,58.66440318590257,良好
S20230204,徐宇,男,2005-08-15T00:00:00.000Z,2023-08-31T16:00:00.000Z,202302,12iwnf78ef4,202302_4@school.edu.cn,135v7rtm4o,TurnertownHodkiewicz Plain 5栋105室,169,59.08172753436003,优秀
S20230205,徐伟,男,2005-09-15T00:00:00.000Z,2023-08-31T16:00:00.000Z,202302,1119uv74sgw,202302_5@school.edu.cn,130wl4gasf,LlewellynburghFredrick Manors 1栋106室,170,58.010065175924424,良好
S20230206,陈静,女,2005-10-15T00:00:00.000Z,2023-08-31T16:00:00.000Z,202302,11r68zquzkx,202302_6@school.edu.cn,13exta1q3q,Lake JohanSusanna Shoals 2栋107室,161,67.73931996894893,良好
S20230207,林阳,男,2005-11-15T00:00:00.000Z,2023-08-31T16:00:00.000Z,202302,13ietoyx6qq,202302_7@school.edu.cn,13tbua3at7,Lake ChanelsideTreutel Skyway 3栋108室,172,64.95927115749114,良好
S20230208,郭浩,男,2005-12-15T00:00:00.000Z,2023-08-31T16:00:00.000Z,202302,11r934qdaof,202302_8@school.edu.cn,135riy3e10,AlaynabergGorczany Springs 4栋109室,173,61.12295215451131,合格
S20230209,黄婷,女,2005-12-15T00:00:00.000Z,2023-08-31T16:00:00.000Z,202302,14gnabx5twb,202302_9@school.edu.cn,13ivo6cr6n,North RossietonOzella Expressway 5栋110室,164,62.72633598695415,优秀
S20230210,马阳,男,2005-12-15T00:00:00.000Z,2023-08-31T16:00:00.000Z,202302,13eax7gnmw2,202302_10@school.edu.cn,13uw5huo52,Blue SpringsBertrand Estates 1栋101室,175,56.19760348855997,良好
S20230211,周军,男,2005-12-15T00:00:00.000Z,2023-08-31T16:00:00.000Z,202302,18t4vq7uo84,202302_11@school.edu.cn,135xfq0a3p,KingsportBartoletti Green 2栋102室,176,64.86167222278317,良好
S20230212,罗涵,女,2005-12-15T00:00:00.000Z,2023-08-31T16:00:00.000Z,202302,17q9v88xe1d,202302_12@school.edu.cn,1393ml29h3,TillmantownHerminio Mountain 3栋103室,167,56.978623663950174,优秀
S20230213,胡宇宇,男,2005-12-15T00:00:00.000Z,2023-08-31T16:00:00.000Z,202302,13yqprrcgml,202302_13@school.edu.cn,13fthfphch,RobbieburghReinger Junction 4栋104室,178,61.08210554108729,良好
S20230214,朱阳,男,2005-12-15T00:00:00.000Z,2023-08-31T16:00:00.000Z,202302,18om60f1p8q,202302_14@school.edu.cn,13r1ix23g0,Lake KendrickLeffler Junction 5栋105室,179,51.9379675615495,良好
S20230215,黄娜,女,2005-12-15T00:00:00.000Z,2023-08-31T16:00:00.000Z,202302,14f1l1i7dc9,202302_15@school.edu.cn,1329ltu8mr,FremontEmile Place 1栋106室,170,69.734621072544,良好
S20230216,杨明,男,2005-12-15T00:00:00.000Z,2023-08-31T16:00:00.000Z,202302,11lgurttcj8,202302_16@school.edu.cn,136dg3c814,BuckeyeAlisa Field 2栋107室,181,58.02275442407304,合格
S20230217,孙阳,男,2005-12-15T00:00:00.000Z,2023-08-31T16:00:00.000Z,202302,179kqvjiw2u,202302_17@school.edu.cn,13q33o6z77,MolineRandi Wall 3栋108室,182,61.49808440779499,合格
S20230218,郭静,女,2005-12-15T00:00:00.000Z,2023-08-31T16:00:00.000Z,202302,13nlezqjc22,202302_18@school.edu.cn,13dw0wful3,GreenmouthJasmin Viaduct 4栋109室,173,63.37110333412861,合格
S20230219,马伟,男,2005-12-15T00:00:00.000Z,2023-08-31T16:00:00.000Z,202302,15g2j7nlki8,202302_19@school.edu.cn,13pgycnxzu,KolbyfurtClemmie Run 5栋110室,184,69.62468862321876,合格
S20230220,胡军,男,2005-12-15T00:00:00.000Z,2023-08-31T16:00:00.000Z,202302,10am6gag229,202302_20@school.edu.cn,13ebw4kgaj,East KrystinaAdan Point 1栋101室,185,53.59877241634813,良好
S20230221,林娜,女,2005-12-15T00:00:00.000Z,2023-08-31T16:00:00.000Z,202302,16soyo8xn1v,202302_21@school.edu.cn,13nvwdw5rs,Port AlexieRory Lights 2栋102室,176,54.7407207000252,合格
S20230222,杨杰,男,2005-12-15T00:00:00.000Z,2023-08-31T16:00:00.000Z,202302,18cpojsenx4,202302_22@school.edu.cn,13giwaxthl,South NigelJakubowski Branch 3栋103室,187,60.38414773542682,合格
S20230223,张宇,男,2005-12-15T00:00:00.000Z,2023-08-31T16:00:00.000Z,202302,11j1s1tbexh,202302_23@school.edu.cn,137yftxddi,BellflowerRupert Mountain 4栋104室,188,56.90387937864563,良好
S20230224,周静,女,2005-12-15T00:00:00.000Z,2023-08-31T16:00:00.000Z,202302,10vfdagxk3c,202302_24@school.edu.cn,13g6knhj1r,BerylstadJuston Fords 5栋105室,179,52.02300163834758,良好
S20230225,刘强,男,2005-12-15T00:00:00.000Z,2023-08-31T16:00:00.000Z,202302,15rqwpii7f0,202302_25@school.edu.cn,1367c7iu9r,HeathcoteburyHettinger Terrace 1栋106室,190,58.47717137577675,优秀
S20230226,郭军军,男,2005-12-15T00:00:00.000Z,2023-08-31T16:00:00.000Z,202302,1808n5mb2od,202302_26@school.edu.cn,13i1m1gnsj,CronafortShields Heights 2栋107室,191,55.11874561052847,良好
S20230227,刘静静,女,2005-12-15T00:00:00.000Z,2023-08-31T16:00:00.000Z,202302,13kexvasqxq,202302_27@school.edu.cn,138pn3ocwz,Sunrise ManorTreutel Street 3栋108室,182,68.50987121753374,良好
S20230228,罗强强,男,2005-12-15T00:00:00.000Z,2023-08-31T16:00:00.000Z,202302,14751mr8dea,202302_28@school.edu.cn,137l8sdg52,WymanlandRyan Burg 4栋109室,193,66.44001406920606,合格
S20230229,罗军,男,2005-12-15T00:00:00.000Z,2023-08-31T16:00:00.000Z,202302,13hde751cp9,202302_29@school.edu.cn,1386ceziic,CronastadJulia Mission 5栋110室,194,68.58101425459768,合格
S20230230,高静,女,2005-12-15T00:00:00.000Z,2023-08-31T16:00:00.000Z,202302,123qs5rz8is,202302_30@school.edu.cn,13w4iptstg,OmahaCade Estate 1栋101室,185,54.268529332617604,合格
S20230301,陈军军,男,2005-09-15T00:00:00.000Z,2023-08-31T16:00:00.000Z,202303,16xm77hn8a0,202303_1@school.edu.cn,13hx4qj8md,East LisetteMoore Burgs 2栋102室,166,56.78596872148718,合格
S20230302,王宇,男,2005-10-15T00:00:00.000Z,2023-08-31T16:00:00.000Z,202303,18ih59m5cbq,202303_2@school.edu.cn,13z8j5y7mt,North ShadLorenza Inlet 3栋103室,167,58.060848556571926,良好
S20230303,赵芳芳,女,2005-11-15T00:00:00.000Z,2023-08-31T16:00:00.000Z,202303,13h9fexyb6g,202303_3@school.edu.cn,13a8gr5s2q,LakewoodRichmond Branch 4栋104室,158,52.795899810580124,良好
S20230304,王军,男,2005-12-15T00:00:00.000Z,2023-08-31T16:00:00.000Z,202303,11xvkid1qrt,202303_4@school.edu.cn,13qd81jtxg,South FlorenceJacobson Parkway 5栋105室,169,53.759912742071585,优秀
S20230305,杨浩,男,2005-12-15T00:00:00.000Z,2023-08-31T16:00:00.000Z,202303,126xtrjpb3d,202303_5@school.edu.cn,13960hdmhb,AndreviewTheodore Oval 1栋106室,170,61.61950668821811,合格
S20230306,徐涵涵,女,2005-12-15T00:00:00.000Z,2023-08-31T16:00:00.000Z,202303,15ykoz4rvmj,202303_6@school.edu.cn,13wtzv106k,SchroederviewKuhlman Ford 2栋107室,161,55.02151139603872,合格
S20230307,何杰杰,男,2005-12-15T00:00:00.000Z,2023-08-31T16:00:00.000Z,202303,124rhzi25s5,202303_7@school.edu.cn,13s40l9p5g,CoachellaEdward Crescent 3栋108室,172,63.40286857665389,优秀
S20230308,徐伟,男,2005-12-15T00:00:00.000Z,2023-08-31T16:00:00.000Z,202303,10j8j9ba7ab,202303_8@school.edu.cn,13lapj6wx2,West BrandtfortLeuschke Course 4栋109室,173,64.90926765508422,优秀
S20230309,吴雨,女,2005-12-15T00:00:00.000Z,2023-08-31T16:00:00.000Z,202303,18s7bj2du9w,202303_9@school.edu.cn,13gzlm5kag,BernadinetownSchneider Brook 5栋110室,164,66.86380998282763,优秀
S20230310,黄军,男,2005-12-15T00:00:00.000Z,2023-08-31T16:00:00.000Z,202303,18eax3m23kq,202303_10@school.edu.cn,13bjaymrjj,MortimermouthGrady Groves 1栋101室,175,59.022870167421026,优秀
S20230311,陈明明,男,2005-12-15T00:00:00.000Z,2023-08-31T16:00:00.000Z,202303,118470956yh,202303_11@school.edu.cn,13ct2e1sfk,New ClotildeportBarrows Passage 2栋102室,176,60.3030073919549,合格
S20230312,王雨,女,2005-12-15T00:00:00.000Z,2023-08-31T16:00:00.000Z,202303,170clbsxqet,202303_12@school.edu.cn,13erkhirtb,PowlowskisideShawn Harbors 3栋103室,167,68.42864726166363,优秀
S20230313,杨阳,男,2005-12-15T00:00:00.000Z,2023-08-31T16:00:00.000Z,202303,13lu43ig54j,202303_13@school.edu.cn,13f9bem4t3,West BerniceHagenes Estates 4栋104室,178,50.49263485111413,合格
S20230314,张阳,男,2005-12-15T00:00:00.000Z,2023-08-31T16:00:00.000Z,202303,1218htfzkek,202303_14@school.edu.cn,131i1xw734,KearnyJordyn Flat 5栋105室,179,65.10364167123518,合格
S20230315,林婷婷,女,2005-12-15T00:00:00.000Z,2023-08-31T16:00:00.000Z,202303,14g1wcfieq8,202303_15@school.edu.cn,13fxmqo315,Port SamsonJeffry Drives 1栋106室,170,51.44476089113388,良好
S20230316,黄杰杰,男,2005-12-15T00:00:00.000Z,2023-08-31T16:00:00.000Z,202303,11fvvq011w0,202303_16@school.edu.cn,13r6dzo26w,RodriguezportKailyn Expressway 2栋107室,181,63.60768762933797,良好
S20230317,郭明,男,2005-12-15T00:00:00.000Z,2023-08-31T16:00:00.000Z,202303,10szdwvuf55,202303_17@school.edu.cn,13u1ckfnpo,OmerlandStoltenberg Grove 3栋108室,182,64.6129755159051,合格
S20230318,胡娜,女,2005-12-15T00:00:00.000Z,2023-08-31T16:00:00.000Z,202303,127tmvwja0n,202303_18@school.edu.cn,13bxxvcgfd,ErikamouthAdrienne Grove 4栋109室,173,55.40698891741716,合格
S20230319,王浩浩,男,2005-12-15T00:00:00.000Z,2023-08-31T16:00:00.000Z,202303,162p2qaucws,202303_19@school.edu.cn,13w256mp03,HermanfurtChaim Lock 5栋110室,184,58.42519473196642,优秀
S20230320,孙杰杰,男,2005-12-15T00:00:00.000Z,2023-08-31T16:00:00.000Z,202303,15cpitcmw2v,202303_20@school.edu.cn,135bc53yms,CarterfurtLiam Parks 1栋101室,185,66.60438149457312,优秀
S20230321,张芳芳,女,2005-12-15T00:00:00.000Z,2023-08-31T16:00:00.000Z,202303,11ztnc2scpa,202303_21@school.edu.cn,132gqjqhjh,South MagnoliamouthCorkery Manor 2栋102室,176,69.96459195789365,合格
S20230322,吴浩,男,2005-12-15T00:00:00.000Z,2023-08-31T16:00:00.000Z,202303,18f9jh34mip,202303_22@school.edu.cn,139ctqgtrt,Bowling GreenHowell Orchard 3栋103室,187,53.63675180666563,优秀
S20230323,杨阳,男,2005-12-15T00:00:00.000Z,2023-08-31T16:00:00.000Z,202303,14qtn0zj9l2,202303_23@school.edu.cn,13v71gxkxw,AshasideProhaska Burg 4栋104室,188,59.58297815872895,良好
S20230324,吴娜,女,2005-12-15T00:00:00.000Z,2023-08-31T16:00:00.000Z,202303,16j89wjd80b,202303_24@school.edu.cn,133f4ube7f,South DestineyCharity Key 5栋105室,179,54.25763601531462,优秀
S20230325,高军,男,2005-12-15T00:00:00.000Z,2023-08-31T16:00:00.000Z,202303,15cc9tep1fj,202303_25@school.edu.cn,13bqergt1e,CarrollfurtOlson Summit 1栋106室,190,57.13270225051608,良好
S20230326,王伟,男,2005-12-15T00:00:00.000Z,2023-08-31T16:00:00.000Z,202303,11st6ai3g0y,202303_26@school.edu.cn,134pd3oiap,East LydaAshly Junction 2栋107室,191,68.61700344917537,合格
S20230327,马婷,女,2005-12-15T00:00:00.000Z,2023-08-31T16:00:00.000Z,202303,18niorn08mf,202303_27@school.edu.cn,13sdmq3itw,North FrancescaBlock Turnpike 3栋108室,182,52.18476393053458,优秀
S20230328,黄伟,男,2005-12-15T00:00:00.000Z,2023-08-31T16:00:00.000Z,202303,15qp041e0hq,202303_28@school.edu.cn,133pfhz4ph,MurrayfortLorenza Isle 4栋109室,193,53.335767190310705,良好
S20230401,胡杰杰,男,2005-12-15T00:00:00.000Z,2023-08-31T16:00:00.000Z,202304,17ems3uohxb,202304_1@school.edu.cn,13p245kqbb,North DaynamouthParker Well 2栋102室,166,52.26357400617124,优秀
S20230402,郭强强,男,2005-12-15T00:00:00.000Z,2023-08-31T16:00:00.000Z,202304,18t7oafkszj,202304_2@school.edu.cn,13btaybtwx,TomasportPurdy Highway 3栋103室,167,67.95052349458801,优秀
S20230403,刘娜,女,2005-12-15T00:00:00.000Z,2023-08-31T16:00:00.000Z,202304,1096d9hmqfj,202304_3@school.edu.cn,13j26iaudo,HayesfurtPattie Skyway 4栋104室,158,61.487269983913535,优秀
S20230404,黄浩,男,2005-12-15T00:00:00.000Z,2023-08-31T16:00:00.000Z,202304,10r2ni6vafc,202304_4@school.edu.cn,134s9vl4lv,KonopelskitonArno Avenue 5栋105室,169,51.357648275890284,优秀
S20230405,朱军军,男,2005-12-15T00:00:00.000Z,2023-08-31T16:00:00.000Z,202304,1187gz1hvhb,202304_5@school.edu.cn,13zrpkglo7,CorkerytownWilkinson Lakes 1栋106室,170,59.49375216122482,合格
S20230406,高雪,女,2005-12-15T00:00:00.000Z,2023-08-31T16:00:00.000Z,202304,16ivvikaplt,202304_6@school.edu.cn,13nbydy7ny,KaelaviewDeshawn Camp 2栋107室,161,50.49132778890907,优秀
S20230407,罗浩,男,2005-12-15T00:00:00.000Z,2023-08-31T16:00:00.000Z,202304,14nmncw27np,202304_7@school.edu.cn,13e17ytym2,SchuppeportDenesik View 3栋108室,172,60.020462631100784,良好
S20230408,陈杰,男,2005-12-15T00:00:00.000Z,2023-08-31T16:00:00.000Z,202304,13d3m1escl0,202304_8@school.edu.cn,13h8vpgmo7,SmithtownHickle Rest 4栋109室,173,62.87667356410446,合格
S20230409,孙娜,女,2005-12-15T00:00:00.000Z,2023-08-31T16:00:00.000Z,202304,10ff5v7ddlg,202304_9@school.edu.cn,134gzi9voq,Port BarneyO'Conner Stravenue 5栋110室,164,57.87925637712925,优秀
S20230410,何杰,男,2005-12-15T00:00:00.000Z,2023-08-31T16:00:00.000Z,202304,11w722axi29,202304_10@school.edu.cn,13t3mhxu80,HallielandAmya Trace 1栋101室,175,57.00767774852935,良好
S20230411,杨浩,男,2005-12-15T00:00:00.000Z,2023-08-31T16:00:00.000Z,202304,15g65unhihc,202304_11@school.edu.cn,13af1rqt2w,LeolaportDonnelly Ports 2栋102室,176,61.80928784940468,良好
S20230412,李雪,女,2005-12-15T00:00:00.000Z,2023-08-31T16:00:00.000Z,202304,12ysaz3n2n0,202304_12@school.edu.cn,13p39jqu6e,New AnibalburghAlvina Junction 3栋103室,167,56.80128939646363,优秀
S20230413,朱强强,男,2005-12-15T00:00:00.000Z,2023-08-31T16:00:00.000Z,202304,18ihpmp9xbv,202304_13@school.edu.cn,13sa09vvbf,West AllisVonRueden Via 4栋104室,178,60.551114591692986,良好
S20230414,刘杰,男,2005-12-15T00:00:00.000Z,2023-08-31T16:00:00.000Z,202304,18kogrf7ndh,202304_14@school.edu.cn,13n4692azf,North TyrellAnderson Squares 5栋105室,179,66.14742698295368,合格
S20230415,郭雨,女,2005-12-15T00:00:00.000Z,2023-08-31T16:00:00.000Z,202304,17crglty0a9,202304_15@school.edu.cn,13rkw59wgb,BendLaila Junction 1栋106室,170,60.126664365912745,优秀
S20230416,罗浩浩,男,2005-12-15T00:00:00.000Z,2023-08-31T16:00:00.000Z,202304,1323lt8bra0,202304_16@school.edu.cn,13rxphas8d,Lake DelphiaAbbott Loaf 2栋107室,181,67.53402394554605,合格
S20230417,李军军,男,2005-12-15T00:00:00.000Z,2023-08-31T16:00:00.000Z,202304,14rfbjq7qck,202304_17@school.edu.cn,13tni3f1vx,North CruzLittel Course 3栋108室,182,60.56892229074588,良好
S20230418,赵雨,女,2005-12-15T00:00:00.000Z,2023-08-31T16:00:00.000Z,202304,114lfj9uftf,202304_18@school.edu.cn,13w24260nj,BechtelarbergKassulke Rapid 4栋109室,173,64.88125873201761,合格
S20230419,朱伟,男,2005-12-15T00:00:00.000Z,2023-08-31T16:00:00.000Z,202304,12hujc7wq8m,202304_19@school.edu.cn,13zf4wbr78,RaynortonProsacco Turnpike 5栋110室,184,54.82250490576716,合格
S20230420,王杰,男,2005-12-15T00:00:00.000Z,2023-08-31T16:00:00.000Z,202304,16e3bnqr6a0,202304_20@school.edu.cn,138py644zw,KarenfurtRaina Loaf 1栋101室,185,67.6243333318543,优秀
S20230421,赵涵涵,女,2005-12-15T00:00:00.000Z,2023-08-31T16:00:00.000Z,202304,12xhxmpj2xn,202304_21@school.edu.cn,13k8h5rtj3,South BufordtonDelbert Via 2栋102室,176,65.64303077979581,合格
S20230422,徐阳阳,男,2005-12-15T00:00:00.000Z,2023-08-31T16:00:00.000Z,202304,14tfxu3dvr0,202304_22@school.edu.cn,136jdzzt95,TemeculaAlbertha Crest 3栋103室,187,53.02552251011127,合格
S20230423,朱浩浩,男,2005-12-15T00:00:00.000Z,2023-08-31T16:00:00.000Z,202304,135wd3owg4f,202304_23@school.edu.cn,13vytajtlz,New PatriciamouthDolores Rapid 4栋104室,188,56.146364754218546,合格
S20230424,林静静,女,2005-12-15T00:00:00.000Z,2023-08-31T16:00:00.000Z,202304,10o7o825kpv,202304_24@school.edu.cn,13ztioju8n,West PansystadUrsula Plains 5栋105室,179,50.65800914415937,优秀
S20230425,王强,男,2005-12-15T00:00:00.000Z,2023-08-31T16:00:00.000Z,202304,13pyvx83uh1,202304_25@school.edu.cn,13nsslkm9p,LakinstadMack Crest 1栋106室,190,52.05547485165408,合格
S20230426,刘伟,男,2005-12-15T00:00:00.000Z,2023-08-31T16:00:00.000Z,202304,16uhkquzidq,202304_26@school.edu.cn,13e68t8t6z,Weymouth TownFeil Ferry 2栋107室,191,51.36744327677384,合格
S20230427,胡涵,女,2005-12-15T00:00:00.000Z,2023-08-31T16:00:00.000Z,202304,185sduqznxg,202304_27@school.edu.cn,138bpuk7ca,SchulistportTed Rapid 3栋108室,182,65.53914779650438,良好
S20230428,林伟伟,男,2005-12-15T00:00:00.000Z,2023-08-31T16:00:00.000Z,202304,10e0nw9j2xp,202304_28@school.edu.cn,13bnu7fsyu,LamontchesterConn Well 4栋109室,193,57.72673432178809,优秀
S20230429,黄强,男,2005-12-15T00:00:00.000Z,2023-08-31T16:00:00.000Z,202304,18war0btw18,202304_29@school.edu.cn,13z7exnlkt,LarrytonWolf Valley 5栋110室,194,51.64789615037908,良好
S20230430,杨欣欣,女,2005-12-15T00:00:00.000Z,2023-08-31T16:00:00.000Z,202304,12034cktijh,202304_30@school.edu.cn,134vt37m96,KerlukevilleJohnson Trail 1栋101室,185,63.933919910828635,优秀
S20230431,吴宇宇,男,2005-12-15T00:00:00.000Z,2023-08-31T16:00:00.000Z,202304,1482319coy0,202304_31@school.edu.cn,139fc7x05d,East FrankieDare Motorway 2栋102室,196,61.351689901587754,良好
S20230432,罗军,男,2005-12-15T00:00:00.000Z,2023-08-31T16:00:00.000Z,202304,12kk4ovecjl,202304_32@school.edu.cn,138hifcm74,Lake MarieCarroll Mountains 3栋103室,197,56.62282791707752,良好
S20230501,马杰杰,男,2005-12-15T00:00:00.000Z,2023-08-31T16:00:00.000Z,202305,11wufra74aq,202305_1@school.edu.cn,13pcjw856l,AuerboroughBrekke Mount 2栋102室,166,50.09951613170393,良好
S20230502,罗军,男,2005-12-15T00:00:00.000Z,2023-08-31T16:00:00.000Z,202305,151wcqq2sfx,202305_2@school.edu.cn,13a3knan82,West CasperKing Meadows 3栋103室,167,52.15130394232334,合格
S20230503,林静,女,2005-12-15T00:00:00.000Z,2023-08-31T16:00:00.000Z,202305,125e6jzrvpi,202305_3@school.edu.cn,135yshrjag,Lake AlainaburghGoodwin Way 4栋104室,158,67.94794415473713,良好
S20230504,吴阳,男,2005-12-15T00:00:00.000Z,2023-08-31T16:00:00.000Z,202305,11cu4qco1a2,202305_4@school.edu.cn,13enqwfjaf,AltadenaJoaquin Freeway 5栋105室,169,64.63014815682477,优秀
S20230505,高浩,男,2005-12-15T00:00:00.000Z,2023-08-31T16:00:00.000Z,202305,15emxp31xt2,202305_5@school.edu.cn,130ldtg9z7,MooremouthHalvorson Corner 1栋106室,170,53.577563563533865,良好
S20230506,王雪,女,2005-12-15T00:00:00.000Z,2023-08-31T16:00:00.000Z,202305,1401z708c7j,202305_6@school.edu.cn,13eevowoyp,KuhlmanburghWeissnat Pass 2栋107室,161,60.439466623926386,合格
S20230507,徐杰,男,2005-12-15T00:00:00.000Z,2023-08-31T16:00:00.000Z,202305,12zm21a3bme,202305_7@school.edu.cn,13jwige45u,St. PetersDaron Drive 3栋108室,172,58.28381276503139,优秀
S20230508,刘杰,男,2005-12-15T00:00:00.000Z,2023-08-31T16:00:00.000Z,202305,18ox2ly8bqt,202305_8@school.edu.cn,13j4wmo836,IrvingHowell Crest 4栋109室,173,50.39332257802824,合格
S20230509,张芳,女,2005-12-15T00:00:00.000Z,2023-08-31T16:00:00.000Z,202305,18js5fvxnu5,202305_9@school.edu.cn,13n54v0g8v,East EllenWilkinson Greens 5栋110室,164,65.06315195461278,合格
S20230510,马杰,男,2005-12-15T00:00:00.000Z,2023-08-31T16:00:00.000Z,202305,115igqeaahi,202305_10@school.edu.cn,13uj3l932s,O'ReillyvilleHassie Springs 1栋101室,175,59.0135761387468,优秀
S20230511,刘军,男,2005-12-15T00:00:00.000Z,2023-08-31T16:00:00.000Z,202305,12gwoeptfn2,202305_11@school.edu.cn,13f5vvgyd2,South NikolasEbert Divide 2栋102室,176,57.1815955128441,优秀
S20230512,周婷,女,2005-12-15T00:00:00.000Z,2023-08-31T16:00:00.000Z,202305,12909eq5xma,202305_12@school.edu.cn,13mv3ii46d,New AlbaKohler Drive 3栋103室,167,60.24640497524058,优秀
S20230513,周伟,男,2005-12-15T00:00:00.000Z,2023-08-31T16:00:00.000Z,202305,10xbk0rxgcp,202305_13@school.edu.cn,13qmeboie7,HaleystadHand Curve 4栋104室,178,62.69191224251335,优秀
S20230514,马伟,男,2005-12-15T00:00:00.000Z,2023-08-31T16:00:00.000Z,202305,11vyooqhopz,202305_14@school.edu.cn,13xlfab6gq,South ChelseyFrieda Estates 5栋105室,179,58.019825461548905,合格
S20230515,马芳,女,2005-12-15T00:00:00.000Z,2023-08-31T16:00:00.000Z,202305,16oqo8gxn10,202305_15@school.edu.cn,13a9c3td9j,New MartabergWisoky Rest 1栋106室,170,68.69917548111029,合格
S20230516,朱宇,男,2005-12-15T00:00:00.000Z,2023-08-31T16:00:00.000Z,202305,12u66zb5jo3,202305_16@school.edu.cn,13q1hx7ehl,Lake WillportEusebio Manor 2栋107室,181,61.90212512654741,良好
S20230517,陈伟,男,2005-12-15T00:00:00.000Z,2023-08-31T16:00:00.000Z,202305,18ed9eaoyn8,202305_17@school.edu.cn,13oymnmymv,Cuyahoga FallsDenesik Shoal 3栋108室,182,51.8909199186463,合格
S20230518,胡静,女,2005-12-15T00:00:00.000Z,2023-08-31T16:00:00.000Z,202305,16h2fjgrwsy,202305_18@school.edu.cn,13ndeizum8,RutherfordhavenRandal Inlet 4栋109室,173,63.97490688953303,良好
S20230519,杨伟,男,2005-12-15T00:00:00.000Z,2023-08-31T16:00:00.000Z,202305,183a9jebzjp,202305_19@school.edu.cn,13sid5ghs9,West HavenCronin Way 5栋110室,184,50.723999342478116,优秀
S20230520,林强,男,2005-12-15T00:00:00.000Z,2023-08-31T16:00:00.000Z,202305,14p437roxbi,202305_20@school.edu.cn,13fh5stcto,SpringdaleStoltenberg Ridges 1栋101室,185,53.94470900558708,合格
S20230521,周雨,女,2005-12-15T00:00:00.000Z,2023-08-31T16:00:00.000Z,202305,13s7c2yxcqi,202305_21@school.edu.cn,13q7ci828d,FlorinErnestina Tunnel 2栋102室,176,59.44243880051382,优秀
S20230522,陈军军,男,2005-12-15T00:00:00.000Z,2023-08-31T16:00:00.000Z,202305,14jdxkxp5jg,202305_22@school.edu.cn,13mpf873fy,Mount PleasantDach Trail 3栋103室,187,52.101480314038625,合格
S20230523,高军,男,2005-12-15T00:00:00.000Z,2023-08-31T16:00:00.000Z,202305,14g45bm118p,202305_23@school.edu.cn,139e5pazkz,North BernadineHaylee Meadows 4栋104室,188,60.115784354270296,合格
S20230524,林静,女,2005-12-15T00:00:00.000Z,2023-08-31T16:00:00.000Z,202305,13c166xe3c8,202305_24@school.edu.cn,13dmtsf6va,TillmanlandKovacek Spring 5栋105室,179,56.31815292286201,良好
S20230525,刘强,男,2005-12-15T00:00:00.000Z,2023-08-31T16:00:00.000Z,202305,1301gbsm3hc,202305_25@school.edu.cn,13u6ekiivc,Baldwin ParkSven Pike 1栋106室,190,53.86523457878584,优秀
S20230601,周明明,男,2005-12-15T00:00:00.000Z,2023-08-31T16:00:00.000Z,202306,15kqre9vmzq,202306_1@school.edu.cn,13thlcyylg,East VernasideStehr Wall 2栋102室,166,56.58580780028072,良好
S20230602,周军,男,2005-12-15T00:00:00.000Z,2023-08-31T16:00:00.000Z,202306,11xx7i6nwrk,202306_2@school.edu.cn,13vyg2l0rb,QuigleyburghSamanta Station 3栋103室,167,51.46894128444757,优秀
S20230603,徐婷婷,女,2005-12-15T00:00:00.000Z,2023-08-31T16:00:00.000Z,202306,14xirhxecmb,202306_3@school.edu.cn,13jqmpckho,Port TheresehavenKshlerin Street 4栋104室,158,54.639507705379046,优秀
S20230604,周伟,男,2005-12-15T00:00:00.000Z,2023-08-31T16:00:00.000Z,202306,1248h0402cd,202306_4@school.edu.cn,13bbd0oz96,DayneshireSatterfield Crossroad 5栋105室,169,59.32652454010814,合格
S20230605,王浩,男,2005-12-15T00:00:00.000Z,2023-08-31T16:00:00.000Z,202306,14dxo0afvj3,202306_5@school.edu.cn,13lpss6w6o,WardboroughGutkowski Road 1栋106室,170,57.709206084487704,合格
S20230606,周雨,女,2005-12-15T00:00:00.000Z,2023-08-31T16:00:00.000Z,202306,16k1t2lqec0,202306_6@school.edu.cn,13zalghjsz,NorvaltonCaroline Ridges 2栋107室,161,51.995897794370755,优秀
S20230607,黄军,男,2005-12-15T00:00:00.000Z,2023-08-31T16:00:00.000Z,202306,17jk1uhgl8z,202306_7@school.edu.cn,13r2z2bh3w,GlendaleSchuster Heights 3栋108室,172,51.25423057269284,合格
S20230608,胡强强,男,2005-12-15T00:00:00.000Z,2023-08-31T16:00:00.000Z,202306,182fokprh1t,202306_8@school.edu.cn,131gtny4nq,East CassandramouthAlbin Wells 4栋109室,173,61.31089781757406,良好
S20230609,张芳,女,2005-12-15T00:00:00.000Z,2023-08-31T16:00:00.000Z,202306,15mul9cmnr1,202306_9@school.edu.cn,13wabkvmjc,West AlexandreBergnaum Junctions 5栋110室,164,54.02285333490552,良好
S20230610,林军,男,2005-12-15T00:00:00.000Z,2023-08-31T16:00:00.000Z,202306,18dr4d7xy77,202306_10@school.edu.cn,13cbqld4h0,VallejoJacobson Pine 1栋101室,175,65.91647573031366,良好
S20230611,黄阳,男,2005-12-15T00:00:00.000Z,2023-08-31T16:00:00.000Z,202306,116hr0wqo10,202306_11@school.edu.cn,135bodo3xg,Spokane ValleyRoxanne Drive 2栋102室,176,66.1800266400156,良好
S20230612,林静,女,2005-12-15T00:00:00.000Z,2023-08-31T16:00:00.000Z,202306,15cf4omhr22,202306_12@school.edu.cn,13g6d96k7t,Port LurlinestadBarton Keys 3栋103室,167,60.007909888756096,合格
S20230613,周伟,男,2005-12-15T00:00:00.000Z,2023-08-31T16:00:00.000Z,202306,10xvy3bimny,202306_13@school.edu.cn,13q2h41jet,Chino HillsMarquardt Ways 4栋104室,178,53.07952720137114,合格
S20230614,孙明,男,2005-12-15T00:00:00.000Z,2023-08-31T16:00:00.000Z,202306,10rfsieccfh,202306_14@school.edu.cn,13fewf2xod,Daly CityMagdalena Road 5栋105室,179,66.82649306750051,合格
S20230615,陈雨,女,2005-12-15T00:00:00.000Z,2023-08-31T16:00:00.000Z,202306,10zlolsw06a,202306_15@school.edu.cn,13sytre5ma,New LucienneMonahan Roads 1栋106室,170,64.70621902176205,优秀
S20230616,杨宇宇,男,2005-12-15T00:00:00.000Z,2023-08-31T16:00:00.000Z,202306,13u8914zy76,202306_16@school.edu.cn,13dtxtc1j2,BrentwoodGardner Plain 2栋107室,181,68.9404674656292,优秀
S20230617,徐强强,男,2005-12-15T00:00:00.000Z,2023-08-31T16:00:00.000Z,202306,154zkvaidg3,202306_17@school.edu.cn,135rfmr0fq,Lake EmeraldRatke Burgs 3栋108室,182,52.58793496940726,良好
S20230618,徐婷,女,2005-12-15T00:00:00.000Z,2023-08-31T16:00:00.000Z,202306,14i3lg384b6,202306_18@school.edu.cn,138pz91558,South EdytheBeatty Brook 4栋109室,173,66.24334116922047,优秀
S20230619,刘浩浩,男,2005-12-15T00:00:00.000Z,2023-08-31T16:00:00.000Z,202306,12q6rgto6b1,202306_19@school.edu.cn,13iybde2hz,New JoaquinvilleDeshaun Brooks 5栋110室,184,59.377813525714885,优秀
S20230620,周浩浩,男,2005-12-15T00:00:00.000Z,2023-08-31T16:00:00.000Z,202306,13lgaw5kcj3,202306_20@school.edu.cn,13rjhmvzog,New KennaCrooks Isle 1栋101室,185,67.05248724148018,优秀
S20230621,张雪,女,2005-12-15T00:00:00.000Z,2023-08-31T16:00:00.000Z,202306,11j52ukja88,202306_21@school.edu.cn,133z5k2es5,IsomboroughConroy Common 2栋102室,176,65.67301733283443,良好
S20230622,吴明,男,2005-12-15T00:00:00.000Z,2023-08-31T16:00:00.000Z,202306,128sogofmqx,202306_22@school.edu.cn,13j8byiazo,AkronRutherford Centers 3栋103室,187,64.50679064664668,良好
S20230623,黄强强,男,2005-12-15T00:00:00.000Z,2023-08-31T16:00:00.000Z,202306,15gm4n71s3k,202306_23@school.edu.cn,138flut4wo,South JacquesAgustin Junctions 4栋104室,188,59.274045989928595,优秀
S20230624,王婷婷,女,2005-12-15T00:00:00.000Z,2023-08-31T16:00:00.000Z,202306,16ypov0sya1,202306_24@school.edu.cn,13ikqe8nlq,South LurlineCharity Estates 5栋105室,179,61.76123447396316,合格
S20230625,杨阳,男,2005-12-15T00:00:00.000Z,2023-08-31T16:00:00.000Z,202306,160rf5ddyhm,202306_25@school.edu.cn,13ro5hp22d,TremblayshireEbert Centers 1栋106室,190,62.47093791600204,优秀
S20230626,朱阳,男,2005-12-15T00:00:00.000Z,2023-08-31T16:00:00.000Z,202306,10obz545inq,202306_26@school.edu.cn,13lszpac91,NayeliburyKessler Greens 2栋107室,191,61.95917406060144,优秀
S20230627,朱雨,女,2005-12-15T00:00:00.000Z,2023-08-31T16:00:00.000Z,202306,15zafokzl3m,202306_27@school.edu.cn,13zqwpoex9,BrockboroughAufderhar Shoals 3栋108室,182,56.51026363814688,良好
S20230628,李杰杰,男,2005-12-15T00:00:00.000Z,2023-08-31T16:00:00.000Z,202306,14y14o3tff6,202306_28@school.edu.cn,136hopw9rh,JaylenmouthCortney Wall 4栋109室,193,63.37654170140391,优秀
S20230629,胡浩浩,男,2005-12-15T00:00:00.000Z,2023-08-31T16:00:00.000Z,202306,10babmpd13k,202306_29@school.edu.cn,13gyty3lpv,MurphymouthKorbin Groves 5栋110室,194,67.17583174895577,合格
S20230630,杨芳芳,女,2005-12-15T00:00:00.000Z,2023-08-31T16:00:00.000Z,202306,15ilfc57w8v,202306_30@school.edu.cn,13efvb3txj,GuaynaboMaximus Courts 1栋101室,185,55.959157379695846,合格
